2018-08-21,Demand by supplier1,13.423258171701278
2018-08-21,Demand by supplier2,13.423258171701278
2018-08-21,Demand by retailer,13.423258171701278
2018-08-21,Demand by customer,4.445186280046155
2018-08-22,Demand by supplier1,7.138607847542693
2018-08-22,Demand by supplier2,7.138607847542693
2018-08-22,Demand by retailer,7.138607847542693
2018-08-22,Demand by customer,8.444663796768513
2018-08-23,Demand by supplier1,8.05284701200077
2018-08-23,Demand by supplier2,8.05284701200077
2018-08-23,Demand by retailer,8.05284701200077
2018-08-23,Demand by customer,0.072993867944815
2018-08-24,Demand by supplier1,3.891013621527525
2018-08-24,Demand by supplier2,3.891013621527525
2018-08-24,Demand by retailer,3.891013621527525
2018-08-24,Demand by customer,7.235690761482827
2018-08-25,Demand by supplier1,10.577314238247599
2018-08-25,Demand by supplier2,10.577314238247599
2018-08-25,Demand by retailer,10.577314238247599
2018-08-25,Demand by customer,7.245144557232417
2018-08-26,Demand by supplier1,10.692787932292529
2018-08-26,Demand by supplier2,10.692787932292529
2018-08-26,Demand by retailer,10.692787932292529
2018-08-26,Demand by customer,17.009438835790423
2018-08-27,Demand by supplier1,15.11444356474105
2018-08-27,Demand by supplier2,15.11444356474105
2018-08-27,Demand by retailer,15.11444356474105
2018-08-27,Demand by customer,11.117987530621653
2018-08-28,Demand by supplier1,12.316924340857476
2018-08-28,Demand by supplier2,12.316924340857476
2018-08-28,Demand by retailer,12.316924340857476
2018-08-28,Demand by customer,9.903033619452447
2018-08-29,Demand by supplier1,10.62720083587395
2018-08-29,Demand by supplier2,10.62720083587395
2018-08-29,Demand by retailer,10.62720083587395
2018-08-29,Demand by customer,7.227350494836369
2018-08-30,Demand by supplier1,8.247305597147646
2018-08-30,Demand by supplier2,8.247305597147646
2018-08-30,Demand by retailer,8.247305597147646
2018-08-30,Demand by customer,12.466694248640003
2018-08-31,Demand by supplier1,11.200877653192292
2018-08-31,Demand by supplier2,11.200877653192292
2018-08-31,Demand by retailer,11.200877653192292
2018-08-31,Demand by customer,4.3201910896968565
2018-09-01,Demand by supplier1,6.38439705874549
2018-09-01,Demand by supplier2,6.38439705874549
2018-09-01,Demand by retailer,6.38439705874549
2018-09-01,Demand by customer,8.618037908012813
2018-09-02,Demand by supplier1,7.947945653232617
2018-09-02,Demand by supplier2,7.947945653232617
2018-09-02,Demand by retailer,7.947945653232617
2018-09-02,Demand by customer,7.375032461870096
2018-09-03,Demand by supplier1,7.546906419278851
2018-09-03,Demand by supplier2,7.546906419278851
2018-09-03,Demand by retailer,7.546906419278851
2018-09-03,Demand by customer,20.0
2018-09-04,Demand by supplier1,16.26407192578366
2018-09-04,Demand by supplier2,16.26407192578366
2018-09-04,Demand by retailer,16.26407192578366
2018-09-04,Demand by customer,13.03602613224179
2018-09-05,Demand by supplier1,14.00443987030435
2018-09-05,Demand by supplier2,14.00443987030435
2018-09-05,Demand by retailer,14.00443987030435
2018-09-05,Demand by customer,7.772054421213527
2018-09-06,Demand by supplier1,9.641770055940775
2018-09-06,Demand by supplier2,9.641770055940775
2018-09-06,Demand by retailer,9.641770055940775
2018-09-06,Demand by customer,12.604754966076673
2018-09-07,Demand by supplier1,11.715859493035902
2018-09-07,Demand by supplier2,11.715859493035902
2018-09-07,Demand by retailer,11.715859493035902
2018-09-07,Demand by customer,11.086151222840192
2018-09-08,Demand by supplier1,11.275063703898901
2018-09-08,Demand by supplier2,11.275063703898901
2018-09-08,Demand by retailer,11.275063703898901
2018-09-08,Demand by customer,6.7328939599890525
2018-09-09,Demand by supplier1,8.095544883162006
2018-09-09,Demand by supplier2,8.095544883162006
2018-09-09,Demand by retailer,8.095544883162006
2018-09-09,Demand by customer,19.899693814343266
2018-09-10,Demand by supplier1,16.358449134988888
2018-09-10,Demand by supplier2,16.358449134988888
2018-09-10,Demand by retailer,16.358449134988888
2018-09-10,Demand by customer,11.849109230104599
2018-09-11,Demand by supplier1,13.099579174162258
2018-09-11,Demand by supplier2,13.099579174162258
2018-09-11,Demand by retailer,13.099579174162258
2018-09-11,Demand by customer,11.37192825693266
2018-09-12,Demand by supplier1,11.89022353210154
2018-09-12,Demand by supplier2,11.89022353210154
2018-09-12,Demand by retailer,11.89022353210154
2018-09-12,Demand by customer,13.276714659533331
2018-09-13,Demand by supplier1,12.860767321303797
2018-09-13,Demand by supplier2,12.860767321303797
2018-09-13,Demand by retailer,12.860767321303797
2018-09-13,Demand by customer,7.743093477551832
2018-09-14,Demand by supplier1,9.278395630677426
2018-09-14,Demand by supplier2,9.278395630677426
2018-09-14,Demand by retailer,9.278395630677426
2018-09-14,Demand by customer,8.94540141215552
2018-09-15,Demand by supplier1,9.045299677712084
2018-09-15,Demand by supplier2,9.045299677712084
2018-09-15,Demand by retailer,9.045299677712084
2018-09-15,Demand by customer,14.123448125067249
2018-09-16,Demand by supplier1,12.600003590860696
2018-09-16,Demand by supplier2,12.600003590860696
2018-09-16,Demand by retailer,12.600003590860696
2018-09-16,Demand by customer,8.749203765119637
2018-09-17,Demand by supplier1,9.904443712841962
2018-09-17,Demand by supplier2,9.904443712841962
2018-09-17,Demand by retailer,9.904443712841962
2018-09-17,Demand by customer,16.157126346551568
2018-09-18,Demand by supplier1,14.28132155643868
2018-09-18,Demand by supplier2,14.28132155643868
2018-09-18,Demand by retailer,14.28132155643868
2018-09-18,Demand by customer,13.43197390392076
2018-09-19,Demand by supplier1,13.686778199676136
2018-09-19,Demand by supplier2,13.686778199676136
2018-09-19,Demand by retailer,13.686778199676136
2018-09-19,Demand by customer,2.6216719004549507
2018-09-20,Demand by supplier1,5.941203790221307
2018-09-20,Demand by supplier2,5.941203790221307
2018-09-20,Demand by retailer,5.941203790221307
2018-09-20,Demand by customer,12.90347359554606
2018-09-21,Demand by supplier1,10.814792653948643
2018-09-21,Demand by supplier2,10.814792653948643
2018-09-21,Demand by retailer,10.814792653948643
2018-09-21,Demand by customer,13.122531500804296
2018-09-22,Demand by supplier1,12.430209846747593
2018-09-22,Demand by supplier2,12.430209846747593
2018-09-22,Demand by retailer,12.430209846747593
2018-09-22,Demand by customer,16.499270337546438
2018-09-23,Demand by supplier1,15.278552190306785
2018-09-23,Demand by supplier2,15.278552190306785
2018-09-23,Demand by retailer,15.278552190306785
2018-09-23,Demand by customer,1.3225976878015047
2018-09-24,Demand by supplier1,5.509384038553081
2018-09-24,Demand by supplier2,5.509384038553081
2018-09-24,Demand by retailer,5.509384038553081
2018-09-24,Demand by customer,8.460917558335966
2018-09-25,Demand by supplier1,7.57545750240111
2018-09-25,Demand by supplier2,7.57545750240111
2018-09-25,Demand by retailer,7.57545750240111
2018-09-25,Demand by customer,4.107201895915287
2018-09-26,Demand by supplier1,5.147678577861027
2018-09-26,Demand by supplier2,5.147678577861027
2018-09-26,Demand by retailer,5.147678577861027
2018-09-26,Demand by customer,13.347319186902308
2018-09-27,Demand by supplier1,10.887427004189924
2018-09-27,Demand by supplier2,10.887427004189924
2018-09-27,Demand by retailer,10.887427004189924
2018-09-27,Demand by customer,6.777458606865416
2018-09-28,Demand by supplier1,8.010449126062774
2018-09-28,Demand by supplier2,8.010449126062774
2018-09-28,Demand by retailer,8.010449126062774
2018-09-28,Demand by customer,7.575131023255954
2018-09-29,Demand by supplier1,7.705726454097996
2018-09-29,Demand by supplier2,7.705726454097996
2018-09-29,Demand by retailer,7.705726454097996
2018-09-29,Demand by customer,10.768525381738867
2018-09-30,Demand by supplier1,11.737601692069227
2018-09-30,Demand by supplier2,11.737601692069227
2018-09-30,Demand by retailer,11.737601692069227
2018-09-30,Demand by customer,9.946359230361766
2018-10-01,Demand by supplier1,10.483731968874007
2018-10-01,Demand by supplier2,10.483731968874007
2018-10-01,Demand by retailer,10.483731968874007
2018-10-01,Demand by customer,11.120298773297987
2018-10-02,Demand by supplier1,10.929328731970788
2018-10-02,Demand by supplier2,10.929328731970788
2018-10-02,Demand by retailer,10.929328731970788
2018-10-02,Demand by customer,12.367859361526122
2018-10-03,Demand by supplier1,11.936300172659529
2018-10-03,Demand by supplier2,11.936300172659529
2018-10-03,Demand by retailer,11.936300172659529
2018-10-03,Demand by customer,9.05168288158204
2018-10-04,Demand by supplier1,11.302058833024766
2018-10-04,Demand by supplier2,11.302058833024766
2018-10-04,Demand by retailer,11.302058833024766
2018-10-04,Demand by customer,9.784062758525655
2018-10-05,Demand by supplier1,10.23946158087539
2018-10-05,Demand by supplier2,10.23946158087539
2018-10-05,Demand by retailer,10.23946158087539
2018-10-05,Demand by customer,11.885330589746468
2018-10-06,Demand by supplier1,11.391569887085153
2018-10-06,Demand by supplier2,11.391569887085153
2018-10-06,Demand by retailer,11.391569887085153
2018-10-06,Demand by customer,20.0
2018-10-07,Demand by supplier1,17.417470966125535
2018-10-07,Demand by supplier2,17.417470966125535
2018-10-07,Demand by retailer,17.417470966125535
2018-10-07,Demand by customer,11.61639836764488
2018-10-08,Demand by supplier1,13.356720147189073
2018-10-08,Demand by supplier2,13.356720147189073
2018-10-08,Demand by retailer,13.356720147189073
2018-10-08,Demand by customer,8.6672055916634
2018-10-09,Demand by supplier1,10.07405995832112
2018-10-09,Demand by supplier2,10.07405995832112
2018-10-09,Demand by retailer,10.07405995832112
2018-10-09,Demand by customer,18.350569303488033
2018-10-10,Demand by supplier1,14.245869439445995
2018-10-10,Demand by supplier2,14.245869439445995
2018-10-10,Demand by retailer,14.245869439445995
2018-10-10,Demand by customer,14.182327476405607
2018-10-11,Demand by supplier1,12.629170952695468
2018-10-11,Demand by supplier2,12.629170952695468
2018-10-11,Demand by retailer,12.629170952695468
2018-10-11,Demand by customer,4.207615708100162
2018-10-12,Demand by supplier1,6.734082281478751
2018-10-12,Demand by supplier2,6.734082281478751
2018-10-12,Demand by retailer,6.734082281478751
2018-10-12,Demand by customer,12.126061993440402
2018-10-13,Demand by supplier1,10.508468079851909
2018-10-13,Demand by supplier2,10.508468079851909
2018-10-13,Demand by retailer,10.508468079851909
2018-10-13,Demand by customer,14.390293773685723
2018-10-14,Demand by supplier1,13.22574606553559
2018-10-14,Demand by supplier2,13.22574606553559
2018-10-14,Demand by retailer,13.22574606553559
2018-10-14,Demand by customer,12.454754806474433
2018-10-15,Demand by supplier1,12.686052184192777
2018-10-15,Demand by supplier2,12.686052184192777
2018-10-15,Demand by retailer,12.686052184192777
2018-10-15,Demand by customer,0.6231843176880609
2018-10-16,Demand by supplier1,4.242044677639475
2018-10-16,Demand by supplier2,4.242044677639475
2018-10-16,Demand by retailer,4.242044677639475
2018-10-16,Demand by customer,6.109294106363017
2018-10-17,Demand by supplier1,5.549119277745948
2018-10-17,Demand by supplier2,5.549119277745948
2018-10-17,Demand by retailer,5.549119277745948
2018-10-17,Demand by customer,12.732813140482012
2018-10-18,Demand by supplier1,10.577704981661197
2018-10-18,Demand by supplier2,10.577704981661197
2018-10-18,Demand by retailer,10.577704981661197
2018-10-18,Demand by customer,16.641054125944663
2018-10-19,Demand by supplier1,14.822049382659621
2018-10-19,Demand by supplier2,14.822049382659621
2018-10-19,Demand by retailer,14.822049382659621
2018-10-19,Demand by customer,8.097762585236362
2018-10-20,Demand by supplier1,10.115048624463345
2018-10-20,Demand by supplier2,10.115048624463345
2018-10-20,Demand by retailer,10.115048624463345
2018-10-20,Demand by customer,12.042033432322306
2018-10-21,Demand by supplier1,11.46393798996462
2018-10-21,Demand by supplier2,11.46393798996462
2018-10-21,Demand by retailer,11.46393798996462
2018-10-21,Demand by customer,4.745751078924849
2018-10-22,Demand by supplier1,6.761207152236774
2018-10-22,Demand by supplier2,6.761207152236774
2018-10-22,Demand by retailer,6.761207152236774
2018-10-22,Demand by customer,0.0
2018-10-23,Demand by supplier1,4.2822536299765135
2018-10-23,Demand by supplier2,4.2822536299765135
2018-10-23,Demand by retailer,4.2822536299765135
2018-10-23,Demand by customer,5.804385575662113
2018-10-24,Demand by supplier1,8.640603744889289
2018-10-24,Demand by supplier2,8.640603744889289
2018-10-24,Demand by retailer,8.640603744889289
2018-10-24,Demand by customer,3.8525435839117463
2018-10-25,Demand by supplier1,11.850203369341697
2018-10-25,Demand by supplier2,11.850203369341697
2018-10-25,Demand by retailer,11.850203369341697
2018-10-25,Demand by customer,1.4321128421322111
2018-10-26,Demand by supplier1,12.435297539737455
2018-10-26,Demand by supplier2,12.435297539737455
2018-10-26,Demand by retailer,12.435297539737455
2018-10-26,Demand by customer,4.603288191941175
2018-10-27,Demand by supplier1,6.952890996280065
2018-10-27,Demand by supplier2,6.952890996280065
2018-10-27,Demand by retailer,6.952890996280065
2018-10-27,Demand by customer,2.022113975746864
2018-10-28,Demand by supplier1,5.717380333294984
2018-10-28,Demand by supplier2,5.717380333294984
2018-10-28,Demand by retailer,5.717380333294984
2018-10-28,Demand by customer,17.904332665092372
2018-10-29,Demand by supplier1,14.248246965553163
2018-10-29,Demand by supplier2,14.248246965553163
2018-10-29,Demand by retailer,14.248246965553163
2018-10-29,Demand by customer,11.750186800716012
2018-10-30,Demand by supplier1,12.499604850167165
2018-10-30,Demand by supplier2,12.499604850167165
2018-10-30,Demand by retailer,12.499604850167165
2018-10-30,Demand by customer,0.0
2018-10-31,Demand by supplier1,7.852079921133182
2018-10-31,Demand by supplier2,7.852079921133182
2018-10-31,Demand by retailer,7.852079921133182
2018-10-31,Demand by customer,12.999624628947432
2018-11-01,Demand by supplier1,11.45536121660316
2018-11-01,Demand by supplier2,11.45536121660316
2018-11-01,Demand by retailer,11.45536121660316
2018-11-01,Demand by customer,3.7156879363394433
2018-11-02,Demand by supplier1,7.094472724258723
2018-11-02,Demand by supplier2,7.094472724258723
2018-11-02,Demand by retailer,7.094472724258723
2018-11-02,Demand by customer,8.514392634369853
2018-11-03,Demand by supplier1,8.088416661336517
2018-11-03,Demand by supplier2,8.088416661336517
2018-11-03,Demand by retailer,8.088416661336517
2018-11-03,Demand by customer,8.492913711324768
2018-11-04,Demand by supplier1,8.371564596328302
2018-11-04,Demand by supplier2,8.371564596328302
2018-11-04,Demand by retailer,8.371564596328302
2018-11-04,Demand by customer,18.247178370067815
2018-11-05,Demand by supplier1,15.284494237945953
2018-11-05,Demand by supplier2,15.284494237945953
2018-11-05,Demand by retailer,15.284494237945953
2018-11-05,Demand by customer,12.457330434197068
2018-11-06,Demand by supplier1,13.30547957532174
2018-11-06,Demand by supplier2,13.30547957532174
2018-11-06,Demand by retailer,13.30547957532174
2018-11-06,Demand by customer,10.621493832025942
2018-11-07,Demand by supplier1,11.426689555014667
2018-11-07,Demand by supplier2,11.426689555014667
2018-11-07,Demand by retailer,11.426689555014667
2018-11-07,Demand by customer,2.3764952220016227
2018-11-08,Demand by supplier1,5.091553521905545
2018-11-08,Demand by supplier2,5.091553521905545
2018-11-08,Demand by retailer,5.091553521905545
2018-11-08,Demand by customer,17.338768188242142
2018-11-09,Demand by supplier1,13.664603788341152
2018-11-09,Demand by supplier2,13.664603788341152
2018-11-09,Demand by retailer,13.664603788341152
2018-11-09,Demand by customer,9.375165862953661
2018-11-10,Demand by supplier1,10.661997240569919
2018-11-10,Demand by supplier2,10.661997240569919
2018-11-10,Demand by retailer,10.661997240569919
2018-11-10,Demand by customer,15.098074176742205
2018-11-11,Demand by supplier1,13.767251095890519
2018-11-11,Demand by supplier2,13.767251095890519
2018-11-11,Demand by retailer,13.767251095890519
2018-11-11,Demand by customer,6.380921973943995
2018-11-12,Demand by supplier1,8.596820710527947
2018-11-12,Demand by supplier2,8.596820710527947
2018-11-12,Demand by retailer,8.596820710527947
2018-11-12,Demand by customer,4.184437670152102
2018-11-13,Demand by supplier1,5.508152582264857
2018-11-13,Demand by supplier2,5.508152582264857
2018-11-13,Demand by retailer,5.508152582264857
2018-11-13,Demand by customer,11.11481969948969
2018-11-14,Demand by supplier1,9.432819564322237
2018-11-14,Demand by supplier2,9.432819564322237
2018-11-14,Demand by retailer,9.432819564322237
2018-11-14,Demand by customer,3.2381650723185293
2018-11-15,Demand by supplier1,5.096561419919649
2018-11-15,Demand by supplier2,5.096561419919649
2018-11-15,Demand by retailer,5.096561419919649
2018-11-15,Demand by customer,9.569223147519695
2018-11-16,Demand by supplier1,8.227424629239682
2018-11-16,Demand by supplier2,8.227424629239682
2018-11-16,Demand by retailer,8.227424629239682
2018-11-16,Demand by customer,1.0059497069631238
2018-11-17,Demand by supplier1,10.216506645545088
2018-11-17,Demand by supplier2,10.216506645545088
2018-11-17,Demand by retailer,10.216506645545088
2018-11-17,Demand by customer,9.994698545580361
2018-11-18,Demand by supplier1,11.063634682173781
2018-11-18,Demand by supplier2,11.063634682173781
2018-11-18,Demand by retailer,11.063634682173781
2018-11-18,Demand by customer,6.645373087077939
2018-11-19,Demand by supplier1,7.970851565606686
2018-11-19,Demand by supplier2,7.970851565606686
2018-11-19,Demand by retailer,7.970851565606686
2018-11-19,Demand by customer,9.280611621997641
2018-11-20,Demand by supplier1,10.86880442590014
2018-11-20,Demand by supplier2,10.86880442590014
2018-11-20,Demand by retailer,10.86880442590014
2018-11-20,Demand by customer,2.8741619039265496
2018-11-21,Demand by supplier1,10.724039396168981
2018-11-21,Demand by supplier2,10.724039396168981
2018-11-21,Demand by retailer,10.724039396168981
2018-11-21,Demand by customer,4.966636331874099
2018-11-22,Demand by supplier1,12.854287585974063
2018-11-22,Demand by supplier2,12.854287585974063
2018-11-22,Demand by retailer,12.854287585974063
2018-11-22,Demand by customer,6.316881762375494
2018-11-23,Demand by supplier1,9.874060773161775
2018-11-23,Demand by supplier2,9.874060773161775
2018-11-23,Demand by retailer,9.874060773161775
2018-11-23,Demand by customer,7.946325117191705
2018-11-24,Demand by supplier1,8.524645813982731
2018-11-24,Demand by supplier2,8.524645813982731
2018-11-24,Demand by retailer,8.524645813982731
2018-11-24,Demand by customer,7.463275016953688
2018-11-25,Demand by supplier1,7.781686256062403
2018-11-25,Demand by supplier2,7.781686256062403
2018-11-25,Demand by retailer,7.781686256062403
2018-11-25,Demand by customer,7.445557652528455
2018-11-26,Demand by supplier1,7.546396233588642
2018-11-26,Demand by supplier2,7.546396233588642
2018-11-26,Demand by retailer,7.546396233588642
2018-11-26,Demand by customer,0.6465350697977907
2018-11-27,Demand by supplier1,6.050779156427392
2018-11-27,Demand by supplier2,6.050779156427392
2018-11-27,Demand by retailer,6.050779156427392
2018-11-27,Demand by customer,10.575355529971851
2018-11-28,Demand by supplier1,9.217982617908516
2018-11-28,Demand by supplier2,9.217982617908516
2018-11-28,Demand by retailer,9.217982617908516
2018-11-28,Demand by customer,19.060053928399178
2018-11-29,Demand by supplier1,16.107432535251974
2018-11-29,Demand by supplier2,16.107432535251974
2018-11-29,Demand by retailer,16.107432535251974
2018-11-29,Demand by customer,8.740549232115434
2018-11-30,Demand by supplier1,10.9506142230564
2018-11-30,Demand by supplier2,10.9506142230564
2018-11-30,Demand by retailer,10.9506142230564
2018-11-30,Demand by customer,15.021474583790704
2018-12-01,Demand by supplier1,13.800216475570416
2018-12-01,Demand by supplier2,13.800216475570416
2018-12-01,Demand by retailer,13.800216475570416
2018-12-01,Demand by customer,17.891716286832633
2018-12-02,Demand by supplier1,16.664266343453967
2018-12-02,Demand by supplier2,16.664266343453967
2018-12-02,Demand by retailer,16.664266343453967
2018-12-02,Demand by customer,13.53248687986069
2018-12-03,Demand by supplier1,14.472020718938674
2018-12-03,Demand by supplier2,14.472020718938674
2018-12-03,Demand by retailer,14.472020718938674
2018-12-03,Demand by customer,11.898720803464421
2018-12-04,Demand by supplier1,12.67071077810668
2018-12-04,Demand by supplier2,12.67071077810668
2018-12-04,Demand by retailer,12.67071077810668
2018-12-04,Demand by customer,13.53036204287495
2018-12-05,Demand by supplier1,8.529947936541758
2018-12-05,Demand by supplier2,8.529947936541758
2018-12-05,Demand by retailer,8.529947936541758
2018-12-05,Demand by customer,11.868488932503483
2018-12-06,Demand by supplier1,9.01157221349849
2018-12-06,Demand by supplier2,9.01157221349849
2018-12-06,Demand by retailer,9.01157221349849
2018-12-06,Demand by customer,9.466140999534655
2018-12-07,Demand by supplier1,9.329770363723812
2018-12-07,Demand by supplier2,9.329770363723812
2018-12-07,Demand by retailer,9.329770363723812
2018-12-07,Demand by customer,6.291094558950313
2018-12-08,Demand by supplier1,7.20269730038235
2018-12-08,Demand by supplier2,7.20269730038235
2018-12-08,Demand by retailer,7.20269730038235
2018-12-08,Demand by customer,13.185927744669069
2018-12-09,Demand by supplier1,11.390958611383066
2018-12-09,Demand by supplier2,11.390958611383066
2018-12-09,Demand by retailer,11.390958611383066
2018-12-09,Demand by customer,18.85946554275207
2018-12-10,Demand by supplier1,16.618913463341357
2018-12-10,Demand by supplier2,16.618913463341357
2018-12-10,Demand by retailer,16.618913463341357
2018-12-10,Demand by customer,12.55465130331305
2018-12-11,Demand by supplier1,13.773929951321541
2018-12-11,Demand by supplier2,13.773929951321541
2018-12-11,Demand by retailer,13.773929951321541
2018-12-11,Demand by customer,7.419403069885871
2018-12-12,Demand by supplier1,9.32576113431658
2018-12-12,Demand by supplier2,9.32576113431658
2018-12-12,Demand by retailer,9.32576113431658
2018-12-12,Demand by customer,19.661435012751717
2018-12-13,Demand by supplier1,16.56073284922117
2018-12-13,Demand by supplier2,16.56073284922117
2018-12-13,Demand by retailer,16.56073284922117
2018-12-13,Demand by customer,9.935751593659239
2018-12-14,Demand by supplier1,11.923245970327818
2018-12-14,Demand by supplier2,11.923245970327818
2018-12-14,Demand by retailer,11.923245970327818
2018-12-14,Demand by customer,4.886992268441709
2018-12-15,Demand by supplier1,6.99786837900755
2018-12-15,Demand by supplier2,6.99786837900755
2018-12-15,Demand by retailer,6.99786837900755
2018-12-15,Demand by customer,7.796202000614958
2018-12-16,Demand by supplier1,7.556701914132729
2018-12-16,Demand by supplier2,7.556701914132729
2018-12-16,Demand by retailer,7.556701914132729
2018-12-16,Demand by customer,7.6273000603784675
2018-12-17,Demand by supplier1,7.606120616504739
2018-12-17,Demand by supplier2,7.606120616504739
2018-12-17,Demand by retailer,7.606120616504739
2018-12-17,Demand by customer,9.576456271261018
2018-12-18,Demand by supplier1,8.985355574834147
2018-12-18,Demand by supplier2,8.985355574834147
2018-12-18,Demand by retailer,8.985355574834147
2018-12-18,Demand by customer,2.2999659327531576
2018-12-19,Demand by supplier1,4.305582825377453
2018-12-19,Demand by supplier2,4.305582825377453
2018-12-19,Demand by retailer,4.305582825377453
2018-12-19,Demand by customer,14.56116449352107
2018-12-20,Demand by supplier1,11.484489993077977
2018-12-20,Demand by supplier2,11.484489993077977
2018-12-20,Demand by retailer,11.484489993077977
2018-12-20,Demand by customer,12.596322409092018
2018-12-21,Demand by supplier1,12.262772684287809
2018-12-21,Demand by supplier2,12.262772684287809
2018-12-21,Demand by retailer,12.262772684287809
2018-12-21,Demand by customer,14.424503158542588
2018-12-22,Demand by supplier1,13.775984016266161
2018-12-22,Demand by supplier2,13.775984016266161
2018-12-22,Demand by retailer,13.775984016266161
2018-12-22,Demand by customer,8.803178267258485
2018-12-23,Demand by supplier1,10.295019991960778
2018-12-23,Demand by supplier2,10.295019991960778
2018-12-23,Demand by retailer,10.295019991960778
2018-12-23,Demand by customer,10.898676546452755
2018-12-24,Demand by supplier1,10.717579580105166
2018-12-24,Demand by supplier2,10.717579580105166
2018-12-24,Demand by retailer,10.717579580105166
2018-12-24,Demand by customer,20.0
2018-12-25,Demand by supplier1,17.21527387403154
2018-12-25,Demand by supplier2,17.21527387403154
2018-12-25,Demand by retailer,17.21527387403154
2018-12-25,Demand by customer,13.291108236622838
2018-12-26,Demand by supplier1,14.468357927845451
2018-12-26,Demand by supplier2,14.468357927845451
2018-12-26,Demand by retailer,14.468357927845451
2018-12-26,Demand by customer,6.41749022348478
2018-12-27,Demand by supplier1,8.832750534792993
2018-12-27,Demand by supplier2,8.832750534792993
2018-12-27,Demand by retailer,8.832750534792993
2018-12-27,Demand by customer,14.89606399471538
2018-12-28,Demand by supplier1,12.950801494639473
2018-12-28,Demand by supplier2,12.950801494639473
2018-12-28,Demand by retailer,12.950801494639473
2018-12-28,Demand by customer,11.788121313003447
2018-12-29,Demand by supplier1,12.13692536749425
2018-12-29,Demand by supplier2,12.13692536749425
2018-12-29,Demand by retailer,12.13692536749425
2018-12-29,Demand by customer,8.294110931586653
2018-12-30,Demand by supplier1,9.44695526235893
2018-12-30,Demand by supplier2,9.44695526235893
2018-12-30,Demand by retailer,9.44695526235893
2018-12-30,Demand by customer,0.9100047998243372
2018-12-31,Demand by supplier1,3.4710899385847167
2018-12-31,Demand by supplier2,3.4710899385847167
2018-12-31,Demand by retailer,3.4710899385847167
2018-12-31,Demand by customer,14.067560905481374
2019-01-01,Demand by supplier1,10.888619615412374
2019-01-01,Demand by supplier2,10.888619615412374
2019-01-01,Demand by retailer,10.888619615412374
2019-01-01,Demand by customer,11.19559456435307
2019-01-02,Demand by supplier1,11.103502079670873
2019-01-02,Demand by supplier2,11.103502079670873
2019-01-02,Demand by retailer,11.103502079670873
2019-01-02,Demand by customer,10.53489577102787
2019-01-03,Demand by supplier1,10.705477663620764
2019-01-03,Demand by supplier2,10.705477663620764
2019-01-03,Demand by retailer,10.705477663620764
2019-01-03,Demand by customer,9.387240594796406
2019-01-04,Demand by supplier1,9.782711715443712
2019-01-04,Demand by supplier2,9.782711715443712
2019-01-04,Demand by retailer,9.782711715443712
2019-01-04,Demand by customer,14.08571434845763
2019-01-05,Demand by supplier1,12.79481355855346
2019-01-05,Demand by supplier2,12.79481355855346
2019-01-05,Demand by retailer,12.79481355855346
2019-01-05,Demand by customer,16.097023396571707
2019-01-06,Demand by supplier1,15.106360445166224
2019-01-06,Demand by supplier2,15.106360445166224
2019-01-06,Demand by retailer,15.106360445166224
2019-01-06,Demand by customer,14.228761281538134
2019-01-07,Demand by supplier1,14.492041030626561
2019-01-07,Demand by supplier2,14.492041030626561
2019-01-07,Demand by retailer,14.492041030626561
2019-01-07,Demand by customer,3.544671426804829
2019-01-08,Demand by supplier1,6.828882307951353
2019-01-08,Demand by supplier2,6.828882307951353
2019-01-08,Demand by retailer,6.828882307951353
2019-01-08,Demand by customer,5.375347559676141
2019-01-09,Demand by supplier1,5.811407984158701
2019-01-09,Demand by supplier2,5.811407984158701
2019-01-09,Demand by retailer,5.811407984158701
2019-01-09,Demand by customer,16.53349103644887
2019-01-10,Demand by supplier1,13.316866120761812
2019-01-10,Demand by supplier2,13.316866120761812
2019-01-10,Demand by retailer,13.316866120761812
2019-01-10,Demand by customer,6.6689111206576674
2019-01-11,Demand by supplier1,8.66329762068893
2019-01-11,Demand by supplier2,8.66329762068893
2019-01-11,Demand by retailer,8.66329762068893
2019-01-11,Demand by customer,6.505605768877643
2019-01-12,Demand by supplier1,7.152913324421024
2019-01-12,Demand by supplier2,7.152913324421024
2019-01-12,Demand by retailer,7.152913324421024
2019-01-12,Demand by customer,11.316073921942108
2019-01-13,Demand by supplier1,10.067125742685782
2019-01-13,Demand by supplier2,10.067125742685782
2019-01-13,Demand by retailer,10.067125742685782
2019-01-13,Demand by customer,10.149082236982093
2019-01-14,Demand by supplier1,10.124495288693197
2019-01-14,Demand by supplier2,10.124495288693197
2019-01-14,Demand by retailer,10.124495288693197
2019-01-14,Demand by customer,5.913707464009981
2019-01-15,Demand by supplier1,7.176943811414946
2019-01-15,Demand by supplier2,7.176943811414946
2019-01-15,Demand by retailer,7.176943811414946
2019-01-15,Demand by customer,17.443026558032543
2019-01-16,Demand by supplier1,14.36320173404726
2019-01-16,Demand by supplier2,14.36320173404726
2019-01-16,Demand by retailer,14.36320173404726
2019-01-16,Demand by customer,16.829279940084966
2019-01-17,Demand by supplier1,16.08945647827366
2019-01-17,Demand by supplier2,16.08945647827366
2019-01-17,Demand by retailer,16.08945647827366
2019-01-17,Demand by customer,0.0
2019-01-18,Demand by supplier1,4.826836943482084
2019-01-18,Demand by supplier2,4.826836943482084
2019-01-18,Demand by retailer,4.826836943482084
2019-01-18,Demand by customer,8.088615338088212
2019-01-19,Demand by supplier1,7.110081819706381
2019-01-19,Demand by supplier2,7.110081819706381
2019-01-19,Demand by retailer,7.110081819706381
2019-01-19,Demand by customer,11.317844690724076
2019-01-20,Demand by supplier1,10.05551582941877
2019-01-20,Demand by supplier2,10.05551582941877
2019-01-20,Demand by retailer,10.05551582941877
2019-01-20,Demand by customer,0.9809620940597839
2019-01-21,Demand by supplier1,7.307310506159968
2019-01-21,Demand by supplier2,7.307310506159968
2019-01-21,Demand by retailer,7.307310506159968
2019-01-21,Demand by customer,10.921040125916464
2019-01-22,Demand by supplier1,9.836921239989527
2019-01-22,Demand by supplier2,9.836921239989527
2019-01-22,Demand by retailer,9.836921239989527
2019-01-22,Demand by customer,9.54425504550603
2019-01-23,Demand by supplier1,9.63205490385107
2019-01-23,Demand by supplier2,9.63205490385107
2019-01-23,Demand by retailer,9.63205490385107
2019-01-23,Demand by customer,8.22186065721316
2019-01-24,Demand by supplier1,8.644918931204531
2019-01-24,Demand by supplier2,8.644918931204531
2019-01-24,Demand by retailer,8.644918931204531
2019-01-24,Demand by customer,13.929215818672347
2019-01-25,Demand by supplier1,12.343926752432008
2019-01-25,Demand by supplier2,12.343926752432008
2019-01-25,Demand by retailer,12.343926752432008
2019-01-25,Demand by customer,13.133292902139031
2019-01-26,Demand by supplier1,12.896483057226924
2019-01-26,Demand by supplier2,12.896483057226924
2019-01-26,Demand by retailer,12.896483057226924
2019-01-26,Demand by customer,7.8891287683147695
2019-01-27,Demand by supplier1,9.39133505498842
2019-01-27,Demand by supplier2,9.39133505498842
2019-01-27,Demand by retailer,9.39133505498842
2019-01-27,Demand by customer,0.4776747293491095
2019-01-28,Demand by supplier1,9.816448994220616
2019-01-28,Demand by supplier2,9.816448994220616
2019-01-28,Demand by retailer,9.816448994220616
2019-01-28,Demand by customer,16.45871552163633
2019-01-29,Demand by supplier1,14.466035563411621
2019-01-29,Demand by supplier2,14.466035563411621
2019-01-29,Demand by retailer,14.466035563411621
2019-01-29,Demand by customer,9.448755757320475
2019-01-30,Demand by supplier1,10.95393969914781
2019-01-30,Demand by supplier2,10.95393969914781
2019-01-30,Demand by retailer,10.95393969914781
2019-01-30,Demand by customer,8.291528614453414
2019-01-31,Demand by supplier1,9.09025193986174
2019-01-31,Demand by supplier2,9.09025193986174
2019-01-31,Demand by retailer,9.09025193986174
2019-01-31,Demand by customer,4.983821617372817
2019-02-01,Demand by supplier1,6.215750714119488
2019-02-01,Demand by supplier2,6.215750714119488
2019-02-01,Demand by retailer,6.215750714119488
2019-02-01,Demand by customer,11.444811758188145
2019-02-02,Demand by supplier1,9.876093444967543
2019-02-02,Demand by supplier2,9.876093444967543
2019-02-02,Demand by retailer,9.876093444967543
2019-02-02,Demand by customer,14.30558009757949
2019-02-03,Demand by supplier1,12.976734101795918
2019-02-03,Demand by supplier2,12.976734101795918
2019-02-03,Demand by retailer,12.976734101795918
2019-02-03,Demand by customer,11.877152108756729
2019-02-04,Demand by supplier1,12.207026706668476
2019-02-04,Demand by supplier2,12.207026706668476
2019-02-04,Demand by retailer,12.207026706668476
2019-02-04,Demand by customer,0.0
2019-02-05,Demand by supplier1,3.662108012000551
2019-02-05,Demand by supplier2,3.662108012000551
2019-02-05,Demand by retailer,3.662108012000551
2019-02-05,Demand by customer,6.018031151252208
2019-02-06,Demand by supplier1,5.311254209476707
2019-02-06,Demand by supplier2,5.311254209476707
2019-02-06,Demand by retailer,5.311254209476707
2019-02-06,Demand by customer,15.885690898998849
2019-02-07,Demand by supplier1,12.713359892142202
2019-02-07,Demand by supplier2,12.713359892142202
2019-02-07,Demand by retailer,12.713359892142202
2019-02-07,Demand by customer,12.560940870288801
2019-02-08,Demand by supplier1,12.606666576844825
2019-02-08,Demand by supplier2,12.606666576844825
2019-02-08,Demand by retailer,12.606666576844825
2019-02-08,Demand by customer,10.073872327979657
2019-02-09,Demand by supplier1,10.833710602639204
2019-02-09,Demand by supplier2,10.833710602639204
2019-02-09,Demand by retailer,10.833710602639204
2019-02-09,Demand by customer,17.06961738093037
2019-02-10,Demand by supplier1,15.198845347443024
2019-02-10,Demand by supplier2,15.198845347443024
2019-02-10,Demand by retailer,15.198845347443024
2019-02-10,Demand by customer,15.876621804281363
2019-02-11,Demand by supplier1,15.673288867229866
2019-02-11,Demand by supplier2,15.673288867229866
2019-02-11,Demand by retailer,15.673288867229866
2019-02-11,Demand by customer,9.37170241223886
2019-02-12,Demand by supplier1,11.262178348736159
2019-02-12,Demand by supplier2,11.262178348736159
2019-02-12,Demand by retailer,11.262178348736159
2019-02-12,Demand by customer,8.494662597381259
2019-02-13,Demand by supplier1,9.324917322787725
2019-02-13,Demand by supplier2,9.324917322787725
2019-02-13,Demand by retailer,9.324917322787725
2019-02-13,Demand by customer,16.85111144887426
2019-02-14,Demand by supplier1,12.919141650666283
2019-02-14,Demand by supplier2,12.919141650666283
2019-02-14,Demand by retailer,12.919141650666283
2019-02-14,Demand by customer,14.883699517758135
2019-02-15,Demand by supplier1,12.775094419699435
2019-02-15,Demand by supplier2,12.775094419699435
2019-02-15,Demand by retailer,12.775094419699435
2019-02-15,Demand by customer,12.653641650534524
2019-02-16,Demand by supplier1,12.657194929701216
2019-02-16,Demand by supplier2,12.657194929701216
2019-02-16,Demand by retailer,12.657194929701216
2019-02-16,Demand by customer,13.007613104348094
2019-02-17,Demand by supplier1,11.380755900757803
2019-02-17,Demand by supplier2,11.380755900757803
2019-02-17,Demand by retailer,11.380755900757803
2019-02-17,Demand by customer,8.978994509749455
2019-02-18,Demand by supplier1,9.699522927051948
2019-02-18,Demand by supplier2,9.699522927051948
2019-02-18,Demand by retailer,9.699522927051948
2019-02-18,Demand by customer,16.307532854144426
2019-02-19,Demand by supplier1,14.325129876016694
2019-02-19,Demand by supplier2,14.325129876016694
2019-02-19,Demand by retailer,14.325129876016694
2019-02-19,Demand by customer,11.644246672226265
2019-02-20,Demand by supplier1,12.448511633363395
2019-02-20,Demand by supplier2,12.448511633363395
2019-02-20,Demand by retailer,12.448511633363395
2019-02-20,Demand by customer,5.946386891502256
2019-02-21,Demand by supplier1,7.897024314060588
2019-02-21,Demand by supplier2,7.897024314060588
2019-02-21,Demand by retailer,7.897024314060588
2019-02-21,Demand by customer,5.325798473634754
2019-02-22,Demand by supplier1,6.097166225762501
2019-02-22,Demand by supplier2,6.097166225762501
2019-02-22,Demand by retailer,6.097166225762501
2019-02-22,Demand by customer,16.858100467593975
2019-02-23,Demand by supplier1,13.629820195044545
2019-02-23,Demand by supplier2,13.629820195044545
2019-02-23,Demand by retailer,13.629820195044545
2019-02-23,Demand by customer,11.120074279076938
2019-02-24,Demand by supplier1,11.872998053867216
2019-02-24,Demand by supplier2,11.872998053867216
2019-02-24,Demand by retailer,11.872998053867216
2019-02-24,Demand by customer,9.553386367903524
2019-02-25,Demand by supplier1,10.249269873692631
2019-02-25,Demand by supplier2,10.249269873692631
2019-02-25,Demand by retailer,10.249269873692631
2019-02-25,Demand by customer,4.485914127714277
2019-02-26,Demand by supplier1,6.2149208515077845
2019-02-26,Demand by supplier2,6.2149208515077845
2019-02-26,Demand by retailer,6.2149208515077845
2019-02-26,Demand by customer,8.768832802339537
2019-02-27,Demand by supplier1,8.002659217090018
2019-02-27,Demand by supplier2,8.002659217090018
2019-02-27,Demand by retailer,8.002659217090018
2019-02-27,Demand by customer,15.633938953896209
2019-02-28,Demand by supplier1,13.344555032854347
2019-02-28,Demand by supplier2,13.344555032854347
2019-02-28,Demand by retailer,13.344555032854347
2019-02-28,Demand by customer,4.814151789379429
2019-03-01,Demand by supplier1,7.373272762421907
2019-03-01,Demand by supplier2,7.373272762421907
2019-03-01,Demand by retailer,7.373272762421907
2019-03-01,Demand by customer,9.124424971467175
2019-03-02,Demand by supplier1,8.599079308753588
2019-03-02,Demand by supplier2,8.599079308753588
2019-03-02,Demand by retailer,8.599079308753588
2019-03-02,Demand by customer,9.981150538518119
2019-03-03,Demand by supplier1,9.566529169588756
2019-03-03,Demand by supplier2,9.566529169588756
2019-03-03,Demand by retailer,9.566529169588756
2019-03-03,Demand by customer,7.933062044345695
2019-03-04,Demand by supplier1,8.423102181918626
2019-03-04,Demand by supplier2,8.423102181918626
2019-03-04,Demand by retailer,8.423102181918626
2019-03-04,Demand by customer,14.895356511699248
2019-03-05,Demand by supplier1,12.953680212765054
2019-03-05,Demand by supplier2,12.953680212765054
2019-03-05,Demand by retailer,12.953680212765054
2019-03-05,Demand by customer,9.409675596478275
2019-03-06,Demand by supplier1,10.472876981364315
2019-03-06,Demand by supplier2,10.472876981364315
2019-03-06,Demand by retailer,10.472876981364315
2019-03-06,Demand by customer,13.063992469460242
2019-03-07,Demand by supplier1,12.286657823031456
2019-03-07,Demand by supplier2,12.286657823031456
2019-03-07,Demand by retailer,12.286657823031456
2019-03-07,Demand by customer,12.046909443835785
2019-03-08,Demand by supplier1,12.11883395759449
2019-03-08,Demand by supplier2,12.11883395759449
2019-03-08,Demand by retailer,12.11883395759449
2019-03-08,Demand by customer,20.0
2019-03-09,Demand by supplier1,17.635650187278337
2019-03-09,Demand by supplier2,17.635650187278337
2019-03-09,Demand by retailer,17.635650187278337
2019-03-09,Demand by customer,2.693272198889404
2019-03-10,Demand by supplier1,7.175985595406088
2019-03-10,Demand by supplier2,7.175985595406088
2019-03-10,Demand by retailer,7.175985595406088
2019-03-10,Demand by customer,5.9067751824831305
2019-03-11,Demand by supplier1,6.287538306360016
2019-03-11,Demand by supplier2,6.287538306360016
2019-03-11,Demand by retailer,6.287538306360016
2019-03-11,Demand by customer,9.67764763361986
2019-03-12,Demand by supplier1,8.660614835441912
2019-03-12,Demand by supplier2,8.660614835441912
2019-03-12,Demand by retailer,8.660614835441912
2019-03-12,Demand by customer,10.822529781765871
2019-03-13,Demand by supplier1,10.173955297868673
2019-03-13,Demand by supplier2,10.173955297868673
2019-03-13,Demand by retailer,10.173955297868673
2019-03-13,Demand by customer,0.0
2019-03-14,Demand by supplier1,3.052186589360608
2019-03-14,Demand by supplier2,3.052186589360608
2019-03-14,Demand by retailer,3.052186589360608
2019-03-14,Demand by customer,20.0
2019-03-15,Demand by supplier1,14.915655976808177
2019-03-15,Demand by supplier2,14.915655976808177
2019-03-15,Demand by retailer,14.915655976808177
2019-03-15,Demand by customer,19.199688453836828
2019-03-16,Demand by supplier1,17.914478710728243
2019-03-16,Demand by supplier2,17.914478710728243
2019-03-16,Demand by retailer,17.914478710728243
2019-03-16,Demand by customer,7.999877733937834
2019-03-17,Demand by supplier1,10.974258026974956
2019-03-17,Demand by supplier2,10.974258026974956
2019-03-17,Demand by retailer,10.974258026974956
2019-03-17,Demand by customer,13.71908166299282
2019-03-18,Demand by supplier1,12.895634572187475
2019-03-18,Demand by supplier2,12.895634572187475
2019-03-18,Demand by retailer,12.895634572187475
2019-03-18,Demand by customer,7.785122860292479
2019-03-19,Demand by supplier1,9.318276373860954
2019-03-19,Demand by supplier2,9.318276373860954
2019-03-19,Demand by retailer,9.318276373860954
2019-03-19,Demand by customer,7.7791445838727
2019-03-20,Demand by supplier1,8.240884120869183
2019-03-20,Demand by supplier2,8.240884120869183
2019-03-20,Demand by retailer,8.240884120869183
2019-03-20,Demand by customer,20.0
2019-03-21,Demand by supplier1,16.472265236260753
2019-03-21,Demand by supplier2,16.472265236260753
2019-03-21,Demand by retailer,16.472265236260753
2019-03-21,Demand by customer,6.879876572172416
2019-03-22,Demand by supplier1,9.75759317139893
2019-03-22,Demand by supplier2,9.75759317139893
2019-03-22,Demand by retailer,9.75759317139893
2019-03-22,Demand by customer,11.399865880199215
2019-03-23,Demand by supplier1,10.907184067559115
2019-03-23,Demand by supplier2,10.907184067559115
2019-03-23,Demand by retailer,10.907184067559115
2019-03-23,Demand by customer,14.672130150085154
2019-03-24,Demand by supplier1,13.542646325327361
2019-03-24,Demand by supplier2,13.542646325327361
2019-03-24,Demand by retailer,13.542646325327361
2019-03-24,Demand by customer,1.3105808453975918
2019-03-25,Demand by supplier1,4.980200489376511
2019-03-25,Demand by supplier2,4.980200489376511
2019-03-25,Demand by retailer,4.980200489376511
2019-03-25,Demand by customer,13.028891906058115
2019-03-26,Demand by supplier1,10.614284481053636
2019-03-26,Demand by supplier2,10.614284481053636
2019-03-26,Demand by retailer,10.614284481053636
2019-03-26,Demand by customer,7.702606406556502
2019-03-27,Demand by supplier1,8.576109828905643
2019-03-27,Demand by supplier2,8.576109828905643
2019-03-27,Demand by retailer,8.576109828905643
2019-03-27,Demand by customer,1.224875098082185
2019-03-28,Demand by supplier1,3.430245517329219
2019-03-28,Demand by supplier2,3.430245517329219
2019-03-28,Demand by retailer,3.430245517329219
2019-03-28,Demand by customer,10.214948715190234
2019-03-29,Demand by supplier1,8.179537755831932
2019-03-29,Demand by supplier2,8.179537755831932
2019-03-29,Demand by retailer,8.179537755831932
2019-03-29,Demand by customer,7.258029744962446
2019-03-30,Demand by supplier1,7.957552825403801
2019-03-30,Demand by supplier2,7.957552825403801
2019-03-30,Demand by retailer,7.957552825403801
2019-03-30,Demand by customer,10.984734328297574
2019-03-31,Demand by supplier1,10.076579877429438
2019-03-31,Demand by supplier2,10.076579877429438
2019-03-31,Demand by retailer,10.076579877429438
2019-03-31,Demand by customer,17.231025602022
2019-04-01,Demand by supplier1,15.084691884644231
2019-04-01,Demand by supplier2,15.084691884644231
2019-04-01,Demand by retailer,15.084691884644231
2019-04-01,Demand by customer,16.707887357557183
2019-04-02,Demand by supplier1,16.220928715683296
2019-04-02,Demand by supplier2,16.220928715683296
2019-04-02,Demand by retailer,16.220928715683296
2019-04-02,Demand by customer,5.777566311769276
2019-04-03,Demand by supplier1,8.91057503294349
2019-04-03,Demand by supplier2,8.91057503294349
2019-04-03,Demand by retailer,8.91057503294349
2019-04-03,Demand by customer,12.603663294470277
2019-04-04,Demand by supplier1,11.495736816012247
2019-04-04,Demand by supplier2,11.495736816012247
2019-04-04,Demand by retailer,11.495736816012247
2019-04-04,Demand by customer,6.435054215827254
2019-04-05,Demand by supplier1,7.953258995882744
2019-04-05,Demand by supplier2,7.953258995882744
2019-04-05,Demand by retailer,7.953258995882744
2019-04-05,Demand by customer,13.946349757342828
2019-04-06,Demand by supplier1,12.148422528904801
2019-04-06,Demand by supplier2,12.148422528904801
2019-04-06,Demand by retailer,12.148422528904801
2019-04-06,Demand by customer,16.732632029958342
2019-04-07,Demand by supplier1,15.357369179642285
2019-04-07,Demand by supplier2,15.357369179642285
2019-04-07,Demand by retailer,15.357369179642285
2019-04-07,Demand by customer,13.498554512718837
2019-04-08,Demand by supplier1,13.22853031354323
2019-04-08,Demand by supplier2,13.22853031354323
2019-04-08,Demand by retailer,13.22853031354323
2019-04-08,Demand by customer,6.681268699293881
2019-04-09,Demand by supplier1,8.645447183568685
2019-04-09,Demand by supplier2,8.645447183568685
2019-04-09,Demand by retailer,8.645447183568685
2019-04-09,Demand by customer,10.433062911308392
2019-04-10,Demand by supplier1,9.896778192986488
2019-04-10,Demand by supplier2,9.896778192986488
2019-04-10,Demand by retailer,9.896778192986488
2019-04-10,Demand by customer,11.893236923565865
2019-04-11,Demand by supplier1,11.294299304392052
2019-04-11,Demand by supplier2,11.294299304392052
2019-04-11,Demand by retailer,11.294299304392052
2019-04-11,Demand by customer,12.705537331667959
2019-04-12,Demand by supplier1,12.282165923485172
2019-04-12,Demand by supplier2,12.282165923485172
2019-04-12,Demand by retailer,12.282165923485172
2019-04-12,Demand by customer,11.806193803127602
2019-04-13,Demand by supplier1,11.948985439234884
2019-04-13,Demand by supplier2,11.948985439234884
2019-04-13,Demand by retailer,11.948985439234884
2019-04-13,Demand by customer,11.276847738207469
2019-04-14,Demand by supplier1,11.478489048515698
2019-04-14,Demand by supplier2,11.478489048515698
2019-04-14,Demand by retailer,11.478489048515698
2019-04-14,Demand by customer,11.415790166939427
2019-04-15,Demand by supplier1,11.43459983141231
2019-04-15,Demand by supplier2,11.43459983141231
2019-04-15,Demand by retailer,11.43459983141231
2019-04-15,Demand by customer,8.40885591947509
2019-04-16,Demand by supplier1,9.316579093056252
2019-04-16,Demand by supplier2,9.316579093056252
2019-04-16,Demand by retailer,9.316579093056252
2019-04-16,Demand by customer,9.658704454584845
2019-04-17,Demand by supplier1,9.556066846126273
2019-04-17,Demand by supplier2,9.556066846126273
2019-04-17,Demand by retailer,9.556066846126273
2019-04-17,Demand by customer,16.70473687603345
2019-04-18,Demand by supplier1,14.56013586706129
2019-04-18,Demand by supplier2,14.56013586706129
2019-04-18,Demand by retailer,14.56013586706129
2019-04-18,Demand by customer,10.819373020305413
2019-04-19,Demand by supplier1,11.941601874332179
2019-04-19,Demand by supplier2,11.941601874332179
2019-04-19,Demand by retailer,11.941601874332179
2019-04-19,Demand by customer,10.698387524103607
2019-04-20,Demand by supplier1,11.07135182917218
2019-04-20,Demand by supplier2,11.07135182917218
2019-04-20,Demand by retailer,11.07135182917218
2019-04-20,Demand by customer,0.0
2019-04-21,Demand by supplier1,3.3214055487516503
2019-04-21,Demand by supplier2,3.3214055487516503
2019-04-21,Demand by retailer,3.3214055487516503
2019-04-21,Demand by customer,9.964545719303493
2019-04-22,Demand by supplier1,7.971603668137937
2019-04-22,Demand by supplier2,7.971603668137937
2019-04-22,Demand by retailer,7.971603668137937
2019-04-22,Demand by customer,9.867596127871284
2019-04-23,Demand by supplier1,9.298798389951282
2019-04-23,Demand by supplier2,9.298798389951282
2019-04-23,Demand by retailer,9.298798389951282
2019-04-23,Demand by customer,8.284901775249079
2019-04-24,Demand by supplier1,8.589070759659734
2019-04-24,Demand by supplier2,8.589070759659734
2019-04-24,Demand by retailer,8.589070759659734
2019-04-24,Demand by customer,6.380746563505726
2019-04-25,Demand by supplier1,7.043243822351936
2019-04-25,Demand by supplier2,7.043243822351936
2019-04-25,Demand by retailer,7.043243822351936
2019-04-25,Demand by customer,12.322766053904823
2019-04-26,Demand by supplier1,10.738909384438953
2019-04-26,Demand by supplier2,10.738909384438953
2019-04-26,Demand by retailer,10.738909384438953
2019-04-26,Demand by customer,7.63633176692521
2019-04-27,Demand by supplier1,8.567105052179336
2019-04-27,Demand by supplier2,8.567105052179336
2019-04-27,Demand by retailer,8.567105052179336
2019-04-27,Demand by customer,19.258404402214953
2019-04-28,Demand by supplier1,16.051014597204265
2019-04-28,Demand by supplier2,16.051014597204265
2019-04-28,Demand by retailer,16.051014597204265
2019-04-28,Demand by customer,7.853584788362058
2019-04-29,Demand by supplier1,10.312813731014721
2019-04-29,Demand by supplier2,10.312813731014721
2019-04-29,Demand by retailer,10.312813731014721
2019-04-29,Demand by customer,10.66919428729262
2019-04-30,Demand by supplier1,10.562280120409259
2019-04-30,Demand by supplier2,10.562280120409259
2019-04-30,Demand by retailer,10.562280120409259
2019-04-30,Demand by customer,11.790180039254556
2019-05-01,Demand by supplier1,11.421810063600965
2019-05-01,Demand by supplier2,11.421810063600965
2019-05-01,Demand by retailer,11.421810063600965
2019-05-01,Demand by customer,4.069329959602567
2019-05-02,Demand by supplier1,6.275073990802074
2019-05-02,Demand by supplier2,6.275073990802074
2019-05-02,Demand by retailer,6.275073990802074
2019-05-02,Demand by customer,11.92130677724135
2019-05-03,Demand by supplier1,10.227436941309573
2019-05-03,Demand by supplier2,10.227436941309573
2019-05-03,Demand by retailer,10.227436941309573
2019-05-03,Demand by customer,11.073748490399566
2019-05-04,Demand by supplier1,10.819855025672567
2019-05-04,Demand by supplier2,10.819855025672567
2019-05-04,Demand by retailer,10.819855025672567
2019-05-04,Demand by customer,13.791163927313878
2019-05-05,Demand by supplier1,12.899771256821492
2019-05-05,Demand by supplier2,12.899771256821492
2019-05-05,Demand by retailer,12.899771256821492
2019-05-05,Demand by customer,14.65835261090392
2019-05-06,Demand by supplier1,14.130778204679187
2019-05-06,Demand by supplier2,14.130778204679187
2019-05-06,Demand by retailer,14.130778204679187
2019-05-06,Demand by customer,12.84753054981869
2019-05-07,Demand by supplier1,13.232504846276836
2019-05-07,Demand by supplier2,13.232504846276836
2019-05-07,Demand by retailer,13.232504846276836
2019-05-07,Demand by customer,17.81931147109775
2019-05-08,Demand by supplier1,16.443269483651473
2019-05-08,Demand by supplier2,16.443269483651473
2019-05-08,Demand by retailer,16.443269483651473
2019-05-08,Demand by customer,15.159549190582483
2019-05-09,Demand by supplier1,15.428135696693156
2019-05-09,Demand by supplier2,15.428135696693156
2019-05-09,Demand by retailer,15.428135696693156
2019-05-09,Demand by customer,12.69506697611325
2019-05-10,Demand by supplier1,9.020992502569392
2019-05-10,Demand by supplier2,9.020992502569392
2019-05-10,Demand by retailer,9.020992502569392
2019-05-10,Demand by customer,8.365440067834273
2019-05-11,Demand by supplier1,8.562105798254803
2019-05-11,Demand by supplier2,8.562105798254803
2019-05-11,Demand by retailer,8.562105798254803
2019-05-11,Demand by customer,16.417641468844074
2019-05-12,Demand by supplier1,11.44592806887996
2019-05-12,Demand by supplier2,11.44592806887996
2019-05-12,Demand by retailer,11.44592806887996
2019-05-12,Demand by customer,8.810815713999085
2019-05-13,Demand by supplier1,9.601349420463348
2019-05-13,Demand by supplier2,9.601349420463348
2019-05-13,Demand by retailer,9.601349420463348
2019-05-13,Demand by customer,7.626842982429391
2019-05-14,Demand by supplier1,8.21919491383958
2019-05-14,Demand by supplier2,8.21919491383958
2019-05-14,Demand by retailer,8.21919491383958
2019-05-14,Demand by customer,10.56464681336383
2019-05-15,Demand by supplier1,9.861011243506553
2019-05-15,Demand by supplier2,9.861011243506553
2019-05-15,Demand by retailer,9.861011243506553
2019-05-15,Demand by customer,9.723309180254699
2019-05-16,Demand by supplier1,9.764619799230253
2019-05-16,Demand by supplier2,9.764619799230253
2019-05-16,Demand by retailer,9.764619799230253
2019-05-16,Demand by customer,11.771102769840686
2019-05-17,Demand by supplier1,11.169157878657558
2019-05-17,Demand by supplier2,11.169157878657558
2019-05-17,Demand by retailer,11.169157878657558
2019-05-17,Demand by customer,5.743317562247593
2019-05-18,Demand by supplier1,7.371069657170575
2019-05-18,Demand by supplier2,7.371069657170575
2019-05-18,Demand by retailer,7.371069657170575
2019-05-18,Demand by customer,18.131565373322857
2019-05-19,Demand by supplier1,14.903416658477179
2019-05-19,Demand by supplier2,14.903416658477179
2019-05-19,Demand by retailer,14.903416658477179
2019-05-19,Demand by customer,17.152016748070274
2019-05-20,Demand by supplier1,16.47743672119235
2019-05-20,Demand by supplier2,16.47743672119235
2019-05-20,Demand by retailer,16.47743672119235
2019-05-20,Demand by customer,10.790929787364844
2019-05-21,Demand by supplier1,12.49688186751309
2019-05-21,Demand by supplier2,12.49688186751309
2019-05-21,Demand by retailer,12.49688186751309
2019-05-21,Demand by customer,5.829714147367088
2019-05-22,Demand by supplier1,7.829864463410884
2019-05-22,Demand by supplier2,7.829864463410884
2019-05-22,Demand by retailer,7.829864463410884
2019-05-22,Demand by customer,10.112266276018671
2019-05-23,Demand by supplier1,9.427545732236334
2019-05-23,Demand by supplier2,9.427545732236334
2019-05-23,Demand by retailer,9.427545732236334
2019-05-23,Demand by customer,7.064824743812241
2019-05-24,Demand by supplier1,7.773641040339474
2019-05-24,Demand by supplier2,7.773641040339474
2019-05-24,Demand by retailer,7.773641040339474
2019-05-24,Demand by customer,11.13094331359691
2019-05-25,Demand by supplier1,10.123752631619686
2019-05-25,Demand by supplier2,10.123752631619686
2019-05-25,Demand by retailer,10.123752631619686
2019-05-25,Demand by customer,6.775124308778076
2019-05-26,Demand by supplier1,7.779712805630552
2019-05-26,Demand by supplier2,7.779712805630552
2019-05-26,Demand by retailer,7.779712805630552
2019-05-26,Demand by customer,13.163738177951847
2019-05-27,Demand by supplier1,11.54853056625546
2019-05-27,Demand by supplier2,11.54853056625546
2019-05-27,Demand by retailer,11.54853056625546
2019-05-27,Demand by customer,0.0
2019-05-28,Demand by supplier1,3.4645591698766394
2019-05-28,Demand by supplier2,3.4645591698766394
2019-05-28,Demand by retailer,3.4645591698766394
2019-05-28,Demand by customer,15.974780279595084
2019-05-29,Demand by supplier1,12.22171394667955
2019-05-29,Demand by supplier2,12.22171394667955
2019-05-29,Demand by retailer,12.22171394667955
2019-05-29,Demand by customer,12.201689504968883
2019-05-30,Demand by supplier1,12.207696837482082
2019-05-30,Demand by supplier2,12.207696837482082
2019-05-30,Demand by retailer,12.207696837482082
2019-05-30,Demand by customer,8.100490167208422
2019-05-31,Demand by supplier1,9.332652168290519
2019-05-31,Demand by supplier2,9.332652168290519
2019-05-31,Demand by retailer,9.332652168290519
2019-05-31,Demand by customer,10.836491541668583
2019-06-01,Demand by supplier1,10.385339729655168
2019-06-01,Demand by supplier2,10.385339729655168
2019-06-01,Demand by retailer,10.385339729655168
2019-06-01,Demand by customer,8.99212529171384
2019-06-02,Demand by supplier1,9.410089623096232
2019-06-02,Demand by supplier2,9.410089623096232
2019-06-02,Demand by retailer,9.410089623096232
2019-06-02,Demand by customer,10.108980406279812
2019-06-03,Demand by supplier1,9.899313171324737
2019-06-03,Demand by supplier2,9.899313171324737
2019-06-03,Demand by retailer,9.899313171324737
2019-06-03,Demand by customer,9.98103787539014
2019-06-04,Demand by supplier1,9.956520464170522
2019-06-04,Demand by supplier2,9.956520464170522
2019-06-04,Demand by retailer,9.956520464170522
2019-06-04,Demand by customer,6.579256080160249
2019-06-05,Demand by supplier1,7.592435395363331
2019-06-05,Demand by supplier2,7.592435395363331
2019-06-05,Demand by retailer,7.592435395363331
2019-06-05,Demand by customer,5.131458616104233
2019-06-06,Demand by supplier1,7.035022770606425
2019-06-06,Demand by supplier2,7.035022770606425
2019-06-06,Demand by retailer,7.035022770606425
2019-06-06,Demand by customer,3.964703444230345
2019-06-07,Demand by supplier1,10.194478227560753
2019-06-07,Demand by supplier2,10.194478227560753
2019-06-07,Demand by retailer,10.194478227560753
2019-06-07,Demand by customer,11.542930925076512
2019-06-08,Demand by supplier1,11.138395115821785
2019-06-08,Demand by supplier2,11.138395115821785
2019-06-08,Demand by retailer,11.138395115821785
2019-06-08,Demand by customer,13.171226459731002
2019-06-09,Demand by supplier1,12.561377056558241
2019-06-09,Demand by supplier2,12.561377056558241
2019-06-09,Demand by retailer,12.561377056558241
2019-06-09,Demand by customer,10.768043762775406
2019-06-10,Demand by supplier1,11.306043750910245
2019-06-10,Demand by supplier2,11.306043750910245
2019-06-10,Demand by retailer,11.306043750910245
2019-06-10,Demand by customer,1.289621000186905
2019-06-11,Demand by supplier1,4.612907807595192
2019-06-11,Demand by supplier2,4.612907807595192
2019-06-11,Demand by retailer,4.612907807595192
2019-06-11,Demand by customer,13.232855484286333
2019-06-12,Demand by supplier1,10.64687118127899
2019-06-12,Demand by supplier2,10.64687118127899
2019-06-12,Demand by retailer,10.64687118127899
2019-06-12,Demand by customer,4.49796468449991
2019-06-13,Demand by supplier1,7.787863062309244
2019-06-13,Demand by supplier2,7.787863062309244
2019-06-13,Demand by retailer,7.787863062309244
2019-06-13,Demand by customer,18.96945204637175
2019-06-14,Demand by supplier1,15.614975351152994
2019-06-14,Demand by supplier2,15.614975351152994
2019-06-14,Demand by retailer,15.614975351152994
2019-06-14,Demand by customer,6.82523402869364
2019-06-15,Demand by supplier1,9.462156425431454
2019-06-15,Demand by supplier2,9.462156425431454
2019-06-15,Demand by retailer,9.462156425431454
2019-06-15,Demand by customer,11.137568842033268
2019-06-16,Demand by supplier1,10.634945117052716
2019-06-16,Demand by supplier2,10.634945117052716
2019-06-16,Demand by retailer,10.634945117052716
2019-06-16,Demand by customer,0.0
2019-06-17,Demand by supplier1,3.1904835351158245
2019-06-17,Demand by supplier2,3.1904835351158245
2019-06-17,Demand by retailer,3.1904835351158245
2019-06-17,Demand by customer,8.334382038441499
2019-06-18,Demand by supplier1,6.79121248744379
2019-06-18,Demand by supplier2,6.79121248744379
2019-06-18,Demand by retailer,6.79121248744379
2019-06-18,Demand by customer,5.951722955940883
2019-06-19,Demand by supplier1,9.422033478748316
2019-06-19,Demand by supplier2,9.422033478748316
2019-06-19,Demand by retailer,9.422033478748316
2019-06-19,Demand by customer,6.049174089777965
2019-06-20,Demand by supplier1,11.619573983215254
2019-06-20,Demand by supplier2,11.619573983215254
2019-06-20,Demand by retailer,11.619573983215254
2019-06-20,Demand by customer,9.15709468268185
2019-06-21,Demand by supplier1,11.400102820601754
2019-06-21,Demand by supplier2,11.400102820601754
2019-06-21,Demand by retailer,11.400102820601754
2019-06-21,Demand by customer,20.0
2019-06-22,Demand by supplier1,17.420030846180524
2019-06-22,Demand by supplier2,17.420030846180524
2019-06-22,Demand by retailer,17.420030846180524
2019-06-22,Demand by customer,14.11668016298891
2019-06-23,Demand by supplier1,15.1076853679464
2019-06-23,Demand by supplier2,15.1076853679464
2019-06-23,Demand by retailer,15.1076853679464
2019-06-23,Demand by customer,15.90906794237288
2019-06-24,Demand by supplier1,15.668653170044934
2019-06-24,Demand by supplier2,15.668653170044934
2019-06-24,Demand by retailer,15.668653170044934
2019-06-24,Demand by customer,17.170652768285617
2019-06-25,Demand by supplier1,13.047714013215717
2019-06-25,Demand by supplier2,13.047714013215717
2019-06-25,Demand by retailer,13.047714013215717
2019-06-25,Demand by customer,1.2431415067182563
2019-06-26,Demand by supplier1,4.784513258667502
2019-06-26,Demand by supplier2,4.784513258667502
2019-06-26,Demand by retailer,4.784513258667502
2019-06-26,Demand by customer,8.576949796816042
2019-06-27,Demand by supplier1,7.4392188353714666
2019-06-27,Demand by supplier2,7.4392188353714666
2019-06-27,Demand by retailer,7.4392188353714666
2019-06-27,Demand by customer,1.085546990683346
2019-06-28,Demand by supplier1,2.9916485440897915
2019-06-28,Demand by supplier2,2.9916485440897915
2019-06-28,Demand by retailer,2.9916485440897915
2019-06-28,Demand by customer,2.527496868225273
2019-06-29,Demand by supplier1,2.666742370984622
2019-06-29,Demand by supplier2,2.666742370984622
2019-06-29,Demand by retailer,2.666742370984622
2019-06-29,Demand by customer,6.161490501956431
2019-06-30,Demand by supplier1,5.1130660626648865
2019-06-30,Demand by supplier2,5.1130660626648865
2019-06-30,Demand by retailer,5.1130660626648865
2019-06-30,Demand by customer,8.534696020023159
2019-07-01,Demand by supplier1,7.508207032815675
2019-07-01,Demand by supplier2,7.508207032815675
2019-07-01,Demand by retailer,7.508207032815675
2019-07-01,Demand by customer,6.96574688476402
2019-07-02,Demand by supplier1,10.02498286975533
2019-07-02,Demand by supplier2,10.02498286975533
2019-07-02,Demand by retailer,10.02498286975533
2019-07-02,Demand by customer,13.640842224860762
2019-07-03,Demand by supplier1,15.201516453252962
2019-07-03,Demand by supplier2,15.201516453252962
2019-07-03,Demand by retailer,15.201516453252962
2019-07-03,Demand by customer,15.189936948540755
2019-07-04,Demand by supplier1,15.193410799954426
2019-07-04,Demand by supplier2,15.193410799954426
2019-07-04,Demand by retailer,15.193410799954426
2019-07-04,Demand by customer,11.161458794104554
2019-07-05,Demand by supplier1,15.468504352601732
2019-07-05,Demand by supplier2,15.468504352601732
2019-07-05,Demand by retailer,15.468504352601732
2019-07-05,Demand by customer,16.356593672472687
2019-07-06,Demand by supplier1,16.090166876511404
2019-07-06,Demand by supplier2,16.090166876511404
2019-07-06,Demand by retailer,16.090166876511404
2019-07-06,Demand by customer,12.58321465198354
2019-07-07,Demand by supplier1,13.635300319341898
2019-07-07,Demand by supplier2,13.635300319341898
2019-07-07,Demand by retailer,13.635300319341898
2019-07-07,Demand by customer,2.431236726535843
2019-07-08,Demand by supplier1,5.792455804377663
2019-07-08,Demand by supplier2,5.792455804377663
2019-07-08,Demand by retailer,5.792455804377663
2019-07-08,Demand by customer,10.251578508013317
2019-07-09,Demand by supplier1,8.913841696922612
2019-07-09,Demand by supplier2,8.913841696922612
2019-07-09,Demand by retailer,8.913841696922612
2019-07-09,Demand by customer,11.031376148661318
2019-07-10,Demand by supplier1,10.396115813139696
2019-07-10,Demand by supplier2,10.396115813139696
2019-07-10,Demand by retailer,10.396115813139696
2019-07-10,Demand by customer,12.065018421536756
2019-07-11,Demand by supplier1,11.56434763901765
2019-07-11,Demand by supplier2,11.56434763901765
2019-07-11,Demand by retailer,11.56434763901765
2019-07-11,Demand by customer,4.694362285564489
2019-07-12,Demand by supplier1,6.755357891600438
2019-07-12,Demand by supplier2,6.755357891600438
2019-07-12,Demand by retailer,6.755357891600438
2019-07-12,Demand by customer,3.390277796711132
2019-07-13,Demand by supplier1,4.399801825177928
2019-07-13,Demand by supplier2,4.399801825177928
2019-07-13,Demand by retailer,4.399801825177928
2019-07-13,Demand by customer,13.86658907102297
2019-07-14,Demand by supplier1,11.026552897269461
2019-07-14,Demand by supplier2,11.026552897269461
2019-07-14,Demand by retailer,11.026552897269461
2019-07-14,Demand by customer,15.208416347013756
2019-07-15,Demand by supplier1,13.953857312090454
2019-07-15,Demand by supplier2,13.953857312090454
2019-07-15,Demand by retailer,13.953857312090454
2019-07-15,Demand by customer,13.898744646002001
2019-07-16,Demand by supplier1,13.915278445828536
2019-07-16,Demand by supplier2,13.915278445828536
2019-07-16,Demand by retailer,13.915278445828536
2019-07-16,Demand by customer,8.59697713564035
2019-07-17,Demand by supplier1,10.192467528696808
2019-07-17,Demand by supplier2,10.192467528696808
2019-07-17,Demand by retailer,10.192467528696808
2019-07-17,Demand by customer,4.025340155787003
2019-07-18,Demand by supplier1,6.4111647232575315
2019-07-18,Demand by supplier2,6.4111647232575315
2019-07-18,Demand by retailer,6.4111647232575315
2019-07-18,Demand by customer,9.726100029454248
2019-07-19,Demand by supplier1,8.731619437595217
2019-07-19,Demand by supplier2,8.731619437595217
2019-07-19,Demand by retailer,8.731619437595217
2019-07-19,Demand by customer,0.0
2019-07-20,Demand by supplier1,6.105624061570796
2019-07-20,Demand by supplier2,6.105624061570796
2019-07-20,Demand by retailer,6.105624061570796
2019-07-20,Demand by customer,4.351487567681543
2019-07-21,Demand by supplier1,9.108968287669022
2019-07-21,Demand by supplier2,9.108968287669022
2019-07-21,Demand by retailer,9.108968287669022
2019-07-21,Demand by customer,8.95019630852199
2019-07-22,Demand by supplier1,10.82773383361306
2019-07-22,Demand by supplier2,10.82773383361306
2019-07-22,Demand by retailer,10.82773383361306
2019-07-22,Demand by customer,14.352396835814101
2019-07-23,Demand by supplier1,13.294997935153791
2019-07-23,Demand by supplier2,13.294997935153791
2019-07-23,Demand by retailer,13.294997935153791
2019-07-23,Demand by customer,9.38966913352157
2019-07-24,Demand by supplier1,10.56126777401124
2019-07-24,Demand by supplier2,10.56126777401124
2019-07-24,Demand by retailer,10.56126777401124
2019-07-24,Demand by customer,0.7969054887010465
2019-07-25,Demand by supplier1,3.726214174294101
2019-07-25,Demand by supplier2,3.726214174294101
2019-07-25,Demand by retailer,3.726214174294101
2019-07-25,Demand by customer,6.968799288234067
2019-07-26,Demand by supplier1,9.235483179959328
2019-07-26,Demand by supplier2,9.235483179959328
2019-07-26,Demand by retailer,9.235483179959328
2019-07-26,Demand by customer,10.542736166771295
2019-07-27,Demand by supplier1,12.511339866067765
2019-07-27,Demand by supplier2,12.511339866067765
2019-07-27,Demand by retailer,12.511339866067765
2019-07-27,Demand by customer,3.156014505564359
2019-07-28,Demand by supplier1,10.888129229908106
2019-07-28,Demand by supplier2,10.888129229908106
2019-07-28,Demand by retailer,10.888129229908106
2019-07-28,Demand by customer,3.662971705420751
2019-07-29,Demand by supplier1,7.75425407525269
2019-07-29,Demand by supplier2,7.75425407525269
2019-07-29,Demand by retailer,7.75425407525269
2019-07-29,Demand by customer,5.148451073132179
2019-07-30,Demand by supplier1,8.438409828892468
2019-07-30,Demand by supplier2,8.438409828892468
2019-07-30,Demand by retailer,8.438409828892468
2019-07-30,Demand by customer,10.831925990421544
2019-07-31,Demand by supplier1,10.113871141962816
2019-07-31,Demand by supplier2,10.113871141962816
2019-07-31,Demand by retailer,10.113871141962816
2019-07-31,Demand by customer,6.682920664565408
2019-08-01,Demand by supplier1,7.71220580778463
2019-08-01,Demand by supplier2,7.71220580778463
2019-08-01,Demand by retailer,7.71220580778463
2019-08-01,Demand by customer,16.286813611468457
2019-08-02,Demand by supplier1,13.714431270363322
2019-08-02,Demand by supplier2,13.714431270363322
2019-08-02,Demand by retailer,13.714431270363322
2019-08-02,Demand by customer,9.68914259707064
2019-08-03,Demand by supplier1,10.896729199058443
2019-08-03,Demand by supplier2,10.896729199058443
2019-08-03,Demand by retailer,10.896729199058443
2019-08-03,Demand by customer,20.0
2019-08-04,Demand by supplier1,17.269018759717532
2019-08-04,Demand by supplier2,17.269018759717532
2019-08-04,Demand by retailer,17.269018759717532
2019-08-04,Demand by customer,16.943815635304382
2019-08-05,Demand by supplier1,17.041376572628312
2019-08-05,Demand by supplier2,17.041376572628312
2019-08-05,Demand by retailer,17.041376572628312
2019-08-05,Demand by customer,13.174952843672894
2019-08-06,Demand by supplier1,14.334879962359535
2019-08-06,Demand by supplier2,14.334879962359535
2019-08-06,Demand by retailer,14.334879962359535
2019-08-06,Demand by customer,10.933550714807621
2019-08-07,Demand by supplier1,10.490459621430182
2019-08-07,Demand by supplier2,10.490459621430182
2019-08-07,Demand by retailer,10.490459621430182
2019-08-07,Demand by customer,8.62821545359666
2019-08-08,Demand by supplier1,9.186888703946725
2019-08-08,Demand by supplier2,9.186888703946725
2019-08-08,Demand by retailer,9.186888703946725
2019-08-08,Demand by customer,3.6337866389528717
2019-08-09,Demand by supplier1,5.299717258451029
2019-08-09,Demand by supplier2,5.299717258451029
2019-08-09,Demand by retailer,5.299717258451029
2019-08-09,Demand by customer,16.1949313227386
2019-08-10,Demand by supplier1,12.926367103452309
2019-08-10,Demand by supplier2,12.926367103452309
2019-08-10,Demand by retailer,12.926367103452309
2019-08-10,Demand by customer,8.989094412087077
2019-08-11,Demand by supplier1,10.170276219496664
2019-08-11,Demand by supplier2,10.170276219496664
2019-08-11,Demand by retailer,10.170276219496664
2019-08-11,Demand by customer,11.59311127288347
2019-08-12,Demand by supplier1,11.166260756867421
2019-08-12,Demand by supplier2,11.166260756867421
2019-08-12,Demand by retailer,11.166260756867421
2019-08-12,Demand by customer,15.297776223099918
2019-08-13,Demand by supplier1,14.058321583230166
2019-08-13,Demand by supplier2,14.058321583230166
2019-08-13,Demand by retailer,14.058321583230166
2019-08-13,Demand by customer,3.7217059225341806
2019-08-14,Demand by supplier1,6.822690620742974
2019-08-14,Demand by supplier2,6.822690620742974
2019-08-14,Demand by retailer,6.822690620742974
2019-08-14,Demand by customer,11.675723521041796
2019-08-15,Demand by supplier1,10.219813650952153
2019-08-15,Demand by supplier2,10.219813650952153
2019-08-15,Demand by retailer,10.219813650952153
2019-08-15,Demand by customer,1.3041124893349583
2019-08-16,Demand by supplier1,3.9788228378201236
2019-08-16,Demand by supplier2,3.9788228378201236
2019-08-16,Demand by retailer,3.9788228378201236
2019-08-16,Demand by customer,5.53720252865736
2019-08-17,Demand by supplier1,8.22448567166957
2019-08-17,Demand by supplier2,8.22448567166957
2019-08-17,Demand by retailer,8.22448567166957
2019-08-17,Demand by customer,13.141119574451125
2019-08-18,Demand by supplier1,11.666129403616658
2019-08-18,Demand by supplier2,11.666129403616658
2019-08-18,Demand by retailer,11.666129403616658
2019-08-18,Demand by customer,11.865286294320796
2019-08-19,Demand by supplier1,11.80553922710956
2019-08-19,Demand by supplier2,11.80553922710956
2019-08-19,Demand by retailer,11.80553922710956
2019-08-19,Demand by customer,12.561239697948865
2019-08-20,Demand by supplier1,12.33452955669707
2019-08-20,Demand by supplier2,12.33452955669707
2019-08-20,Demand by retailer,12.33452955669707
2019-08-20,Demand by customer,13.730771366456116
2019-08-21,Demand by supplier1,13.311898823528407
2019-08-21,Demand by supplier2,13.311898823528407
2019-08-21,Demand by retailer,13.311898823528407
2019-08-21,Demand by customer,6.970893272054658
2019-08-22,Demand by supplier1,8.873194937496779
2019-08-22,Demand by supplier2,8.873194937496779
2019-08-22,Demand by retailer,8.873194937496779
2019-08-22,Demand by customer,9.632104802551975
2019-08-23,Demand by supplier1,9.404431843035415
2019-08-23,Demand by supplier2,9.404431843035415
2019-08-23,Demand by retailer,9.404431843035415
2019-08-23,Demand by customer,13.104457424979213
2019-08-24,Demand by supplier1,11.994449750396079
2019-08-24,Demand by supplier2,11.994449750396079
2019-08-24,Demand by retailer,11.994449750396079
2019-08-24,Demand by customer,6.199395997012594
2019-08-25,Demand by supplier1,7.9379121230276395
2019-08-25,Demand by supplier2,7.9379121230276395
2019-08-25,Demand by retailer,7.9379121230276395
2019-08-25,Demand by customer,7.5229761304790665
2019-08-26,Demand by supplier1,7.647456928243634
2019-08-26,Demand by supplier2,7.647456928243634
2019-08-26,Demand by retailer,7.647456928243634
2019-08-26,Demand by customer,8.556910992302715
2019-08-27,Demand by supplier1,8.284074773084988
2019-08-27,Demand by supplier2,8.284074773084988
2019-08-27,Demand by retailer,8.284074773084988
2019-08-27,Demand by customer,14.74375561222416
2019-08-28,Demand by supplier1,12.80585136048242
2019-08-28,Demand by supplier2,12.80585136048242
2019-08-28,Demand by retailer,12.80585136048242
2019-08-28,Demand by customer,9.36471060172488
2019-08-29,Demand by supplier1,10.397052829352141
2019-08-29,Demand by supplier2,10.397052829352141
2019-08-29,Demand by retailer,10.397052829352141
2019-08-29,Demand by customer,7.488981914827097
2019-08-30,Demand by supplier1,8.361403189184603
2019-08-30,Demand by supplier2,8.361403189184603
2019-08-30,Demand by retailer,8.361403189184603
2019-08-30,Demand by customer,10.349557397150395
2019-08-31,Demand by supplier1,9.753111134760662
2019-08-31,Demand by supplier2,9.753111134760662
2019-08-31,Demand by retailer,9.753111134760662
2019-08-31,Demand by customer,3.660927274932063
2019-09-01,Demand by supplier1,7.426961312797338
2019-09-01,Demand by supplier2,7.426961312797338
2019-09-01,Demand by retailer,7.426961312797338
2019-09-01,Demand by customer,10.062851040483242
2019-09-02,Demand by supplier1,9.272084122177487
2019-09-02,Demand by supplier2,9.272084122177487
2019-09-02,Demand by retailer,9.272084122177487
2019-09-02,Demand by customer,5.735331380179599
2019-09-03,Demand by supplier1,8.5319682546875
2019-09-03,Demand by supplier2,8.5319682546875
2019-09-03,Demand by retailer,8.5319682546875
2019-09-03,Demand by customer,6.210391822813177
2019-09-04,Demand by supplier1,10.955705301683501
2019-09-04,Demand by supplier2,10.955705301683501
2019-09-04,Demand by retailer,10.955705301683501
2019-09-04,Demand by customer,11.17307008040035
2019-09-05,Demand by supplier1,11.107860646785301
2019-09-05,Demand by supplier2,11.107860646785301
2019-09-05,Demand by retailer,11.107860646785301
2019-09-05,Demand by customer,9.592957541900539
2019-09-06,Demand by supplier1,10.047428473365969
2019-09-06,Demand by supplier2,10.047428473365969
2019-09-06,Demand by retailer,10.047428473365969
2019-09-06,Demand by customer,9.358130985012828
2019-09-07,Demand by supplier1,9.564920231518776
2019-09-07,Demand by supplier2,9.564920231518776
2019-09-07,Demand by retailer,9.564920231518776
2019-09-07,Demand by customer,4.232659797233529
2019-09-08,Demand by supplier1,7.455271673723103
2019-09-08,Demand by supplier2,7.455271673723103
2019-09-08,Demand by retailer,7.455271673723103
2019-09-08,Demand by customer,11.311924719774712
2019-09-09,Demand by supplier1,10.154928805959226
2019-09-09,Demand by supplier2,10.154928805959226
2019-09-09,Demand by retailer,10.154928805959226
2019-09-09,Demand by customer,0.0
2019-09-10,Demand by supplier1,8.259050550921188
2019-09-10,Demand by supplier2,8.259050550921188
2019-09-10,Demand by retailer,8.259050550921188
2019-09-10,Demand by customer,19.102676780156084
2019-09-11,Demand by supplier1,15.849588911385617
2019-09-11,Demand by supplier2,15.849588911385617
2019-09-11,Demand by retailer,15.849588911385617
2019-09-11,Demand by customer,19.52424888839203
2019-09-12,Demand by supplier1,18.42185089529011
2019-09-12,Demand by supplier2,18.42185089529011
2019-09-12,Demand by retailer,18.42185089529011
2019-09-12,Demand by customer,8.850696042695674
2019-09-13,Demand by supplier1,11.722042498474003
2019-09-13,Demand by supplier2,11.722042498474003
2019-09-13,Demand by retailer,11.722042498474003
2019-09-13,Demand by customer,8.570275111786207
2019-09-14,Demand by supplier1,9.515805327792549
2019-09-14,Demand by supplier2,9.515805327792549
2019-09-14,Demand by retailer,9.515805327792549
2019-09-14,Demand by customer,7.957980257272412
2019-09-15,Demand by supplier1,8.42532777842846
2019-09-15,Demand by supplier2,8.42532777842846
2019-09-15,Demand by retailer,8.42532777842846
2019-09-15,Demand by customer,15.52743466795799
2019-09-16,Demand by supplier1,13.396802601099118
2019-09-16,Demand by supplier2,13.396802601099118
2019-09-16,Demand by retailer,13.396802601099118
2019-09-16,Demand by customer,9.199801445092353
2019-09-17,Demand by supplier1,10.458901791894373
2019-09-17,Demand by supplier2,10.458901791894373
2019-09-17,Demand by retailer,10.458901791894373
2019-09-17,Demand by customer,7.01844562748062
2019-09-18,Demand by supplier1,8.05058247680475
2019-09-18,Demand by supplier2,8.05058247680475
2019-09-18,Demand by retailer,8.05058247680475
2019-09-18,Demand by customer,16.901935406172235
2019-09-19,Demand by supplier1,14.246529527362005
2019-09-19,Demand by supplier2,14.246529527362005
2019-09-19,Demand by retailer,14.246529527362005
2019-09-19,Demand by customer,6.0159132382596665
2019-09-20,Demand by supplier1,8.485098124990365
2019-09-20,Demand by supplier2,8.485098124990365
2019-09-20,Demand by retailer,8.485098124990365
2019-09-20,Demand by customer,6.610703737196985
2019-09-21,Demand by supplier1,7.173022053534996
2019-09-21,Demand by supplier2,7.173022053534996
2019-09-21,Demand by retailer,7.173022053534996
2019-09-21,Demand by customer,9.613793237891658
2019-09-22,Demand by supplier1,8.881561882584665
2019-09-22,Demand by supplier2,8.881561882584665
2019-09-22,Demand by retailer,8.881561882584665
2019-09-22,Demand by customer,9.66536595613756
2019-09-23,Demand by supplier1,9.430224734071679
2019-09-23,Demand by supplier2,9.430224734071679
2019-09-23,Demand by retailer,9.430224734071679
2019-09-23,Demand by customer,11.616406003437806
2019-09-24,Demand by supplier1,10.960551622627976
2019-09-24,Demand by supplier2,10.960551622627976
2019-09-24,Demand by retailer,10.960551622627976
2019-09-24,Demand by customer,10.689019946626553
