2018-08-21,0.25
2018-08-22,0.24999999999999997
2018-08-23,0.39267401480548497
2018-08-24,0.2666042552294031
2018-08-25,0.25
2018-08-26,0.24999999999999997
2018-08-27,0.25
2018-08-28,0.2499999999999998
2018-08-29,0.25
2018-08-30,0.2657391073912796
2018-08-31,0.25
2018-09-01,0.358868098887429
2018-09-02,0.25
2018-09-03,0.24999999999999997
2018-09-04,0.24999999999999997
2018-09-05,0.25
2018-09-06,0.24999999999999997
2018-09-07,0.25
2018-09-08,0.27494031655838147
2018-09-09,0.2822099558648445
2018-09-10,0.24999999999999997
2018-09-11,0.25
2018-09-12,0.2523743919746667
2018-09-13,0.25
2018-09-14,0.24999999999999997
2018-09-15,0.25400925875279967
2018-09-16,0.29564160495326963
2018-09-17,0.25243660601777496
2018-09-18,0.25
2018-09-19,0.25
2018-09-20,0.25
2018-09-21,0.25
2018-09-22,0.25
2018-09-23,0.24999999999999997
2018-09-24,0.2962481137286968
2018-09-25,0.3684286880353
2018-09-26,0.3797916901258935
2018-09-27,0.35947558765185283
2018-09-28,0.4261373024642026
2018-09-29,0
2018-09-30,0.25
2018-10-01,0.25
2018-10-02,0.2742307020529018
2018-10-03,0.24999999999999997
2018-10-04,0.25024167851236967
2018-10-05,0.24999999999999997
2018-10-06,0.34048238454494784
2018-10-07,0.3661383375331783
2018-10-08,0.3367949232139195
2018-10-09,0.3308994000706911
2018-10-10,0.3625622811534007
2018-10-11,0.32752849168852227
2018-10-12,0.3197425839638088
2018-10-13,0.3215980023524509
2018-10-14,0.3537093779151184
2018-10-15,0.39761087830936215
2018-10-16,0.4217613290280273
2018-10-17,0.30346511245050295
2018-10-18,0.24999999999999997
2018-10-19,0.24999999999999997
2018-10-20,0.2902721395497471
2018-10-21,0.25
2018-10-22,0.24999999999999997
2018-10-23,0.25
2018-10-24,0.31615330210337667
2018-10-25,0.33178394911444486
2018-10-26,0.3019733807916595
2018-10-27,0.30456480264740965
2018-10-28,0.3214510073509699
2018-10-29,0.24999999999999997
2018-10-30,0.25
2018-10-31,0.25
2018-11-01,0.24999999999999997
2018-11-02,0.3103757925915583
2018-11-03,0.406692440693045
2018-11-04,0.3664050589869158
2018-11-05,0.36176778038845026
2018-11-06,0.4170496128132733
2018-11-07,0.5
2018-11-08,0.5
2018-11-09,0.5582585840458334
2018-11-10,0.5
2018-11-11,0.5609596900004556
2018-11-12,0.6279394223502288
2018-11-13,0.630370847092962
2018-11-14,0.5466997194813608
2018-11-15,0.49999999999999994
2018-11-16,0.38937573985558166
2018-11-17,0.25
2018-11-18,0.24999999999999997
2018-11-19,0.25
2018-11-20,0.25
2018-11-21,0.24999999999999997
2018-11-22,0.25
2018-11-23,0.25
2018-11-24,0.3131380847863096
2018-11-25,0.3346165141848017
2018-11-26,0.3065876419263431
2018-11-27,0.25
2018-11-28,0.24999999999999997
2018-11-29,0.24999999999999997
2018-11-30,0.24999999999999997
2018-12-01,0.32593766916933753
2018-12-02,0.4097380020019447
2018-12-03,0.3938182974714841
2018-12-04,0.24999999999999997
2018-12-05,0.3364530267396599
2018-12-06,0.3384186479688714
2018-12-07,0.3219334877351471
2018-12-08,0.3599414872024589
2018-12-09,0.29742395834235874
2018-12-10,0.25
2018-12-11,0.25
2018-12-12,0.25
2018-12-13,0.24999999999999997
2018-12-14,0.25
2018-12-15,0.24999999999999997
2018-12-16,0.25
2018-12-17,0.25733743964194794
2018-12-18,0.24999999999999997
2018-12-19,0.37001154847263684
2018-12-20,0.46569517108966224
2018-12-21,0.24999999999999997
2018-12-22,0.25
2018-12-23,0.3099311867563017
2018-12-24,0.33254035166801255
2018-12-25,0.35601017736396784
2018-12-26,0
2018-12-27,0.26120167937878536
2018-12-28,0.25
2018-12-29,0.25
2018-12-30,0.24999999999999997
2018-12-31,0.2962456020263749
2019-01-01,0.333371063171907
2019-01-02,0.24999999999999997
2019-01-03,0.29088383167946463
2019-01-04,0.25
2019-01-05,0.25
2019-01-06,0.24999999999999997
2019-01-07,0.3494367742794402
2019-01-08,0.24999999999999997
2019-01-09,0.3141906587224685
2019-01-10,0.2512496138265745
2019-01-11,0.3069647503277861
2019-01-12,0.32805810725596896
2019-01-13,0.25652979811899446
2019-01-14,0.25
2019-01-15,0.34467073224289224
2019-01-16,0.3187940236584979
2019-01-17,0.35836115739185814
2019-01-18,0.47689261321833676
2019-01-19,0.5
2019-01-20,0.5
2019-01-21,0.4761050869459746
2019-01-22,0.3693047879508684
2019-01-23,0.30355044606374104
2019-01-24,0.24999999999999997
2019-01-25,0.25
2019-01-26,0.3081356749380063
2019-01-27,0.3030905234957573
2019-01-28,0.25
2019-01-29,0.25
2019-01-30,0.2512757371292184
2019-01-31,0.24999999999999997
2019-02-01,0.25
2019-02-02,0.25
2019-02-03,0.25
2019-02-04,0.24999999999999992
2019-02-05,0.2981108612149472
2019-02-06,0.26453673924328497
2019-02-07,0.3178655550514987
2019-02-08,0.24999999999999997
2019-02-09,0.3202979134941326
2019-02-10,0.24999999999999997
2019-02-11,0.24999999999999997
2019-02-12,0.2852079953145369
2019-02-13,0.3772748576877186
2019-02-14,0.28856682336367323
2019-02-15,0.25
2019-02-16,0.25
2019-02-17,0.3097750933250656
2019-02-18,0.25455700514185436
2019-02-19,0.25
2019-02-20,0.25
2019-02-21,0.25
2019-02-22,0.3468426007674693
2019-02-23,0.3527190133354523
2019-02-24,0.25
2019-02-25,0.25
2019-02-26,0.35669833104601506
2019-02-27,0.3279392102425876
2019-02-28,0.3532004418287604
2019-03-01,0.4397821063996004
2019-03-02,0.5722190983236604
2019-03-03,0.5701511564693742
2019-03-04,0.6049939645692277
2019-03-05,0.49999999999999994
2019-03-06,0.4355503958944019
2019-03-07,0.40464895059033434
2019-03-08,0.2556301546477503
2019-03-09,0.24999999999999997
2019-03-10,0.24999999999999997
2019-03-11,0.25
2019-03-12,0.304005340327906
2019-03-13,0.33272445912861814
2019-03-14,0.286682854625107
2019-03-15,0.27805485604691205
2019-03-16,0.25
2019-03-17,0.25
2019-03-18,0.3066307403609443
2019-03-19,0.36608121007137595
2019-03-20,0.4298375291168527
2019-03-21,0.4273133913015064
2019-03-22,0.47113907509833397
2019-03-23,0.44003520355712034
2019-03-24,0.25
2019-03-25,0.24999999999999997
2019-03-26,0.25704104909587
2019-03-27,0.25
2019-03-28,0.25
2019-03-29,0.2555710150000154
2019-03-30,0.25
2019-03-31,0.3721463561381465
2019-04-01,0.4545939094587341
2019-04-02,0.4776421586658849
2019-04-03,0.5
2019-04-04,0.4166019255789513
2019-04-05,0.2812230010599507
2019-04-06,0.25
2019-04-07,0.3435899006850761
2019-04-08,0
2019-04-09,0.25
2019-04-10,0.24999999999999997
2019-04-11,0.25
2019-04-12,0.25
2019-04-13,0.24999999999999997
2019-04-14,0.25
2019-04-15,0.25
2019-04-16,0.25
2019-04-17,0.24999999999999997
2019-04-18,0.2689200059867545
2019-04-19,0.31379842788443857
2019-04-20,0.2988435997589502
2019-04-21,0.3333561453602993
2019-04-22,0.3240867283227923
2019-04-23,0.3135155915062644
2019-04-24,0.24999999999999997
2019-04-25,0
2019-04-26,0.34032035818390866
2019-04-27,0.2909634783159878
2019-04-28,0.2715013427321591
2019-04-29,0.3550348512263551
2019-04-30,0.34774996140045433
2019-05-01,0.31920447518726797
2019-05-02,0.3612705084587497
2019-05-03,0.41697179324471256
2019-05-04,0.3997964560784685
2019-05-05,0.25039752203416815
2019-05-06,0.24999999999999997
2019-05-07,0.2845949879462444
2019-05-08,0.2580592008986204
2019-05-09,0.34867485852309893
2019-05-10,0.46644807070097905
2019-05-11,0.5
2019-05-12,0.25
2019-05-13,0
2019-05-14,0.28892499082069406
2019-05-15,0.35930381557240865
2019-05-16,0.374207866560006
2019-05-17,0.3243206461075936
2019-05-18,0.25
2019-05-19,0.25
2019-05-20,0.34231304208051594
2019-05-21,0.4237576996662085
2019-05-22,0.46512984188815676
2019-05-23,0.28790188550553497
2019-05-24,0.24999999999999997
2019-05-25,0.24999999999999997
2019-05-26,0.25
2019-05-27,0.24999999999999997
2019-05-28,0.24999999999999983
2019-05-29,0.2499999999999998
2019-05-30,0.25
2019-05-31,0.29853587615468674
2019-06-01,0.2940239273499983
2019-06-02,0.38329897443963934
2019-06-03,0.5
2019-06-04,0.4480688363017701
2019-06-05,0.40491048852021155
2019-06-06,0.43634274312224197
2019-06-07,0.4864758796423745
2019-06-08,0.4961325198655949
2019-06-09,0.3802464080623829
2019-06-10,0.35703028818170524
2019-06-11,0.32706400984964573
2019-06-12,0.24999999999999997
2019-06-13,0.25
2019-06-14,0.25
2019-06-15,0.25
2019-06-16,0.25
2019-06-17,0.25
2019-06-18,0.24999999999999997
2019-06-19,0.25
2019-06-20,0
2019-06-21,0.2967201615652535
2019-06-22,0.3668027332419394
2019-06-23,0.39042179485819195
2019-06-24,0.25
2019-06-25,0.25
2019-06-26,0.25
2019-06-27,0.25716968712493793
2019-06-28,0.32221813342400846
2019-06-29,0.25
2019-06-30,0.25
2019-07-01,0.3588547178656987
2019-07-02,0.4487039168362482
2019-07-03,0.5
2019-07-04,0.49827886087011475
2019-07-05,0.5
2019-07-06,0.4338306459820029
2019-07-07,0.46232328339294415
2019-07-08,0.3549374943060333
2019-07-09,0.3566720563105192
2019-07-10,0.2579341638267215
2019-07-11,0.28170437775265555
2019-07-12,0.24999999999999997
2019-07-13,0.25
2019-07-14,0.3287424469308816
2019-07-15,0.4438994670245119
2019-07-16,0.41021927555424387
2019-07-17,0.49999999999999994
2019-07-18,0.24999999999999997
2019-07-19,0.24999999999999997
2019-07-20,0.3722707958559488
2019-07-21,0
2019-07-22,0.25
2019-07-23,0.2545901922672523
2019-07-24,0.24999999999999997
2019-07-25,0.25
2019-07-26,0.25
2019-07-27,0.24999999999999997
2019-07-28,0.25
2019-07-29,0.25
2019-07-30,0.30523574402392706
2019-07-31,0.39429451867109755
2019-08-01,0.5
2019-08-02,0.4228047665880155
2019-08-03,0.4658935779520318
2019-08-04,0.4925740314083494
2019-08-05,0.6419204770876452
2019-08-06,0.7037312678972772
2019-08-07,0.7331793008164221
2019-08-08,0.7020045865978692
2019-08-09,0.5873260613944411
2019-08-10,0.49999999999999994
2019-08-11,0.25
2019-08-12,0.24999999999999997
2019-08-13,0.24999999999999997
2019-08-14,0.25
2019-08-15,0.35760601530938013
2019-08-16,0.49542803140966263
2019-08-17,0.26714701535688523
2019-08-18,0.26887434764892004
2019-08-19,0.25
2019-08-20,0.24999999999999997
2019-08-21,0.24999999999999997
2019-08-22,0.3404153319769668
2019-08-23,0
2019-08-24,0.2503859276771778
2019-08-25,0.25
2019-08-26,0.3449236312696275
2019-08-27,0.3912215352107406
2019-08-28,0.2863817867354588
2019-08-29,0.24999999999999997
2019-08-30,0.25
2019-08-31,0.25
2019-09-01,0.28830710099152657
2019-09-02,0.27653469769331485
2019-09-03,0.27482427702451284
2019-09-04,0.25
2019-09-05,0.24999999999999997
2019-09-06,0.25
2019-09-07,0.24999999999999997
2019-09-08,0.25
2019-09-09,0.25
2019-09-10,0.33466035863103233
2019-09-11,0.30475361876722185
2019-09-12,0.25335199568128974
2019-09-13,0.3208473047783157
2019-09-14,0.3871407722813254
2019-09-15,0.35455610167929286
2019-09-16,0.35697206644355417
2019-09-17,0.4490240132370702
2019-09-18,0.3868871946811695
2019-09-19,0.24999999999999997
2019-09-20,0.25
2019-09-21,0.24999999999999997
2019-09-22,0.25
2019-09-23,0.24999999999999997
2019-09-24,0.24999999999999997
2019-09-25,0.25
2019-09-26,0.2832035617526412
2019-09-27,0.24999999999999997
2019-09-28,0.24999999999999997
2019-09-29,0.25
2019-09-30,0.2667786935458649
2019-10-01,0.3554140002208821
2019-10-02,0.4106741539748774
2019-10-03,0.3514338911806963
2019-10-04,0.31602990560635347
2019-10-05,0.25
2019-10-06,0.25
2019-10-07,0.24999999999999997
2019-10-08,0.25
2019-10-09,0.25
2019-10-10,0.3790642168016999
2019-10-11,0.48791682865892866
2019-10-12,0.4618788601459381
2019-10-13,0.5
2019-10-14,0.26239542042477587
2019-10-15,0.34695337869769144
2019-10-16,0.36860285329795767
2019-10-17,0.3042206970025228
2019-10-18,0.29958099544381533
2019-10-19,0.4092873647785062
2019-10-20,0.46091849023782544
2019-10-21,0.3922245833011033
2019-10-22,0.35548762844994947
2019-10-23,0.3679858372736404
2019-10-24,0.31941019973267254
2019-10-25,0.3034183414475796
2019-10-26,0.33777750972273746
2019-10-27,0.25
2019-10-28,0.25
2019-10-29,0.25691249582176673
2019-10-30,0.25
2019-10-31,0.3163953205219125
2019-11-01,0.33194083725112467
2019-11-02,0.25
2019-11-03,0.25
2019-11-04,0.24999999999999997
2019-11-05,0.25
2019-11-06,0.25
2019-11-07,0.25
2019-11-08,0.3424899405301585
2019-11-09,0.43004499011288505
2019-11-10,0.5
2019-11-11,0.36520566734715865
2019-11-12,0.35627772835638916
2019-11-13,0.3343195720629245
2019-11-14,0.24999999999999997
2019-11-15,0.3377456184755604
2019-11-16,0.25
2019-11-17,0.2657304274001588
2019-11-18,0.24999999999999997
2019-11-19,0.25
2019-11-20,0.25
2019-11-21,0.3068238663227456
2019-11-22,0.394235218714288
2019-11-23,0.5
2019-11-24,0.37947605385887345
2019-11-25,0
2019-11-26,0.24999999999999997
2019-11-27,0.27748275803921135
2019-11-28,0.29682241219734357
2019-11-29,0.24999999999999997
2019-11-30,0.3040195412888266
2019-12-01,0.3663412633883914
2019-12-02,0.24999999999999997
2019-12-03,0
2019-12-04,0.25
2019-12-05,0.24999999999999997
2019-12-06,0.3465227542820227
2019-12-07,0.38077236800363873
2019-12-08,0.41095467635594896
2019-12-09,0.49999999999999994
2019-12-10,0.5860319072222498
2019-12-11,0.6033738009560394
2019-12-12,0.49999999999999994
2019-12-13,0.5124298965721514
2019-12-14,0.5089557241115317
2019-12-15,0.5
2019-12-16,0.4041414292560007
2019-12-17,0.43689542493434874
2019-12-18,0.49999999999999994
2019-12-19,0.4559276092517759
2019-12-20,0.49999999999999994
2019-12-21,0.4395606114828864
2019-12-22,0.36759752075103413
2019-12-23,0.3672543107395177
2019-12-24,0.25
2019-12-25,0.25
2019-12-26,0.2718266516507298
2019-12-27,0.370221377619058
2019-12-28,0.46512211134452774
2019-12-29,0.5
2019-12-30,0.35494082366592095
2019-12-31,0.3808501852083649
2020-01-01,0.39401176617679723
2020-01-02,0.48530864861101225
2020-01-03,0.5
2020-01-04,0.49999999999999994
2020-01-05,0.29471996005568035
2020-01-06,0.25
2020-01-07,0.24999999999999994
2020-01-08,0.32162867414913304
2020-01-09,0.3106413093591966
2020-01-10,0.2833190608856786
2020-01-11,0.3659826109603023
2020-01-12,0.4385008847304145
2020-01-13,0.25
2020-01-14,0.25
2020-01-15,0.3311381956770027
2020-01-16,0.24999999999999997
2020-01-17,0.25
2020-01-18,0.25
2020-01-19,0.25342626628067494
2020-01-20,0.25
2020-01-21,0.24999999999999997
2020-01-22,0.24999999999999997
2020-01-23,0.24999999999999997
2020-01-24,0.2860187826328011
2020-01-25,0.3620489639686863
2020-01-26,0.43589833638339487
2020-01-27,0.5
2020-01-28,0.49999999999999994
2020-01-29,0.4924331177784864
2020-01-30,0.49999999999999994
2020-01-31,0.4732330853895167
2020-02-01,0.28151073635708784
2020-02-02,0.25
2020-02-03,0.25
2020-02-04,0.2518681521400643
2020-02-05,0.25
2020-02-06,0.25
2020-02-07,0.24999999999999997
2020-02-08,0.3446349431898144
2020-02-09,0.3628878926433047
2020-02-10,0
2020-02-11,0.37283605441953366
2020-02-12,0.45751221837225875
2020-02-13,0.4423110384449566
2020-02-14,0.24999999999999997
2020-02-15,0.34560452647089024
2020-02-16,0.47252061664552947
2020-02-17,0.5564215256547016
2020-02-18,0.49999999999999994
2020-02-19,0.5351909350975463
2020-02-20,0.49999999999999994
2020-02-21,0.25
2020-02-22,0.25
2020-02-23,0.31445211570918163
2020-02-24,0.26917635258299366
2020-02-25,0.3619010947768694
2020-02-26,0.43092988101222096
2020-02-27,0.47751664703992563
2020-02-28,0.49299539700749817
2020-02-29,0.5575396127851431
2020-03-01,0.49999999999999994
2020-03-02,0.4997953108989744
2020-03-03,0.43656130352086775
2020-03-04,0.5144401603561203
2020-03-05,0.5
2020-03-06,0.34378333133213435
2020-03-07,0.25
2020-03-08,0.24999999999999997
2020-03-09,0.25
2020-03-10,0.2607183106561042
2020-03-11,0.24999999999999994
2020-03-12,0.270217797639235
2020-03-13,0.3526063501749238
2020-03-14,0.31462185147144267
2020-03-15,0.33779731455705125
2020-03-16,0.4458308100869647
2020-03-17,0.5089870055478405
2020-03-18,0.49999999999999994
2020-03-19,0.34746020577159614
2020-03-20,0.25
2020-03-21,0.269507266304578
2020-03-22,0.25
2020-03-23,0.2917833365461894
2020-03-24,0.27191161107400297
2020-03-25,0.24999999999999997
2020-03-26,0.25878178741161617
2020-03-27,0.24999999999999997
2020-03-28,0.31277825381375746
2020-03-29,0.34917829770543185
2020-03-30,0.34528226884636054
2020-03-31,0.3962169767508873
2020-04-01,0.5040932006683364
2020-04-02,0.5
2020-04-03,0.37372887593850523
2020-04-04,0.3695105176867181
2020-04-05,0.24999999999999997
2020-04-06,0.24999999999999997
2020-04-07,0.25
2020-04-08,0.31263071858757663
2020-04-09,0.24999999999999997
2020-04-10,0.25
2020-04-11,0.2904522658940752
2020-04-12,0.34301676540549453
2020-04-13,0
2020-04-14,0.24999999999999997
2020-04-15,0.25
2020-04-16,0
2020-04-17,0.3115038815508026
2020-04-18,0.25
2020-04-19,0.25
2020-04-20,0.24999999999999997
2020-04-21,0.25
2020-04-22,0.25
2020-04-23,0.367504530006603
2020-04-24,0.4634037864320014
2020-04-25,0.5
2020-04-26,0.5
2020-04-27,0.4765327854497011
2020-04-28,0.4999999999999999
2020-04-29,0.5273470783647336
2020-04-30,0.5127635496371318
2020-05-01,0.5
2020-05-02,0.45804617960117033
2020-05-03,0.49003790914426854
2020-05-04,0.45675308678162585
2020-05-05,0.3478679401981085
2020-05-06,0.25
2020-05-07,0.25
2020-05-08,0.25
2020-05-09,0.2754578431211455
2020-05-10,0.34084961283349335
2020-05-11,0.25
2020-05-12,0.25
2020-05-13,0
2020-05-14,0.24999999999999997
2020-05-15,0.25
2020-05-16,0
2020-05-17,0.25
2020-05-18,0.25
2020-05-19,0.36738982319173763
2020-05-20,0.4658726165510695
2020-05-21,0.34936085144212614
2020-05-22,0.33056669033111186
2020-05-23,0.3464811627595709
2020-05-24,0.3069674420552731
2020-05-25,0.3696454946344081
2020-05-26,0.4296545290729861
2020-05-27,0.347358503637539
2020-05-28,0.25
2020-05-29,0.24999999999999997
2020-05-30,0.27521053218993613
2020-05-31,0.24999999999999997
2020-06-01,0.24999999999999997
2020-06-02,0.24999999999999997
2020-06-03,0.29447429831002947
2020-06-04,0.2892264943680961
2020-06-05,0.29323814963472244
2020-06-06,0.26787184335093933
2020-06-07,0.24999999999999983
2020-06-08,0.25
2020-06-09,0.24999999999999997
2020-06-10,0.26516884030478033
2020-06-11,0.3240718933832432
2020-06-12,0.24999999999999997
2020-06-13,0.24999999999999997
2020-06-14,0.25
2020-06-15,0
2020-06-16,0.25
2020-06-17,0.25
2020-06-18,0.25
2020-06-19,0.24999999999999997
2020-06-20,0.25
2020-06-21,0.3015687806394376
2020-06-22,0.2499999999999999
2020-06-23,0.24999999999999997
2020-06-24,0.25
2020-06-25,0.2856473875175561
2020-06-26,0.25
2020-06-27,0.30960032978440366
2020-06-28,0.25
2020-06-29,0.29357413791402465
2020-06-30,0.24999999999999997
2020-07-01,0.24999999999999997
2020-07-02,0.34306147689422406
2020-07-03,0.38972317789860816
2020-07-04,0.3564383616532208
2020-07-05,0.3889290625249644
2020-07-06,0.46205159748429453
2020-07-07,0.5
2020-07-08,0.4174268446563425
2020-07-09,0.5237357659959798
2020-07-10,0.49999999999999994
2020-07-11,0.46583009450973667
2020-07-12,0.31201125935815865
2020-07-13,0.2657413318348613
2020-07-14,0.32748512255272855
2020-07-15,0.25099748206221967
2020-07-16,0.29949895238976276
2020-07-17,0.2952825615558342
2020-07-18,0.24999999999999997
2020-07-19,0.24999999999999997
2020-07-20,0.24999999999999997
2020-07-21,0.30969279477599665
2020-07-22,0.24999999999999997
2020-07-23,0.25
2020-07-24,0.24999999999999997
2020-07-25,0.27223006749764544
2020-07-26,0.24999999999999997
2020-07-27,0.31792532105228366
2020-07-28,0.30264972047739896
2020-07-29,0.3020470022726961
2020-07-30,0.3254363177303665
2020-07-31,0.25
2020-08-01,0.29669930179429166
2020-08-02,0.35812721817603005
2020-08-03,0.399500323230153
2020-08-04,0.36094065903573547
2020-08-05,0.25
2020-08-06,0.32107159395733914
2020-08-07,0.3813343071596874
2020-08-08,0.41763032444603754
2020-08-09,0
2020-08-10,0.25
2020-08-11,0.24999999999999997
2020-08-12,0.24999999999999997
2020-08-13,0.26662856568241217
2020-08-14,0.3792471155798046
2020-08-15,0.5073202912166712
2020-08-16,0.5
2020-08-17,0.4118040666719154
2020-08-18,0.24999999999999997
2020-08-19,0.24999999999999997
2020-08-20,0.24999999999999997
2020-08-21,0.24999999999999997
2020-08-22,0.24999999999999997
2020-08-23,0.25
2020-08-24,0.24999999999999997
2020-08-25,0
2020-08-26,0.24999999999999997
2020-08-27,0.3403488279530462
2020-08-28,0.2650750164021795
2020-08-29,0.24999999999999997
2020-08-30,0.33044434959404245
2020-08-31,0
2020-09-01,0.29722858011298847
2020-09-02,0.2836843769387757
2020-09-03,0.24999999999999997
2020-09-04,0.25
2020-09-05,0.25
2020-09-06,0.24999999999999997
2020-09-07,0.25
2020-09-08,0.25
2020-09-09,0.25
2020-09-10,0.24999999999999997
2020-09-11,0.3457869631586914
2020-09-12,0.41795296482622285
2020-09-13,0.34116090693228046
2020-09-14,0.25
2020-09-15,0.24999999999999997
2020-09-16,0.3399905644479304
2020-09-17,0.37621527587148046
2020-09-18,0.37034476641794817
2020-09-19,0.25
2020-09-20,0.3031242976278026
2020-09-21,0.25
2020-09-22,0.25
2020-09-23,0.24999999999999997
2020-09-24,0.34042180371731356
2020-09-25,0.39073521696792524
2020-09-26,0.43912980157979387
2020-09-27,0.34480662860350686
2020-09-28,0.32366420293148557
2020-09-29,0.32689059434688994
2020-09-30,0.25
2020-10-01,0.25
2020-10-02,0.24999999999999997
2020-10-03,0.25
2020-10-04,0.25
2020-10-05,0.3427427640610204
2020-10-06,0.32491536192152337
2020-10-07,0.40042134549661534
2020-10-08,0.5
2020-10-09,0.5
2020-10-10,0.37284255136912836
2020-10-11,0.32769132127578926
2020-10-12,0.24999999999999997
2020-10-13,0.3366995480677294
2020-10-14,0.33356236501722913
2020-10-15,0.3414188688666508
2020-10-16,0.2950059708494097
2020-10-17,0.25
2020-10-18,0.24999999999999997
2020-10-19,0.3278822450466944
2020-10-20,0.36055636255407836
2020-10-21,0.40571700425645757
2020-10-22,0.43511734245567224
2020-10-23,0.5
2020-10-24,0.5
2020-10-25,0.4269147640425962
2020-10-26,0.3856264647105373
2020-10-27,0.3427200047010515
2020-10-28,0.2990141789929179
2020-10-29,0.25
2020-10-30,0.28922019737236615
2020-10-31,0.25
2020-11-01,0.25
2020-11-02,0.3693534069169282
2020-11-03,0.49999999999999994
2020-11-04,0.3886984123917723
2020-11-05,0.4217964398760463
2020-11-06,0.46358380556259154
2020-11-07,0.3768739977573263
2020-11-08,0.24999999999999992
2020-11-09,0.25
2020-11-10,0
2020-11-11,0.24999999999999997
2020-11-12,0.3596773371418315
2020-11-13,0.46196153254047134
2020-11-14,0.48165223437051097
2020-11-15,0.2590291950166002
2020-11-16,0.25
2020-11-17,0.24999999999999997
2020-11-18,0.25
2020-11-19,0.2840699481138664
2020-11-20,0.34528996907035703
2020-11-21,0.3661541797672166
2020-11-22,0.41475218204735664
2020-11-23,0.4261126128214388
2020-11-24,0.5231607327893633
2020-11-25,0.6498372347186231
2020-11-26,0.6902613364146786
2020-11-27,0.75
2020-11-28,0.5713877139125555
2020-11-29,0.5
2020-11-30,0.24999999999999997
2020-12-01,0.2499999999999999
2020-12-02,0.2879349095458521
2020-12-03,0.2776833411051199
2020-12-04,0
2020-12-05,0.24999999999999997
2020-12-06,0.25846846092903175
2020-12-07,0.24999999999999997
2020-12-08,0.24999999999999997
2020-12-09,0.25
2020-12-10,0.25
2020-12-11,0.27602365100097537
2020-12-12,0.30226697817209414
2020-12-13,0.3447669498827563
2020-12-14,0.34558005256398905
2020-12-15,0.3541847708264665
2020-12-16,0.35549391847665085
2020-12-17,0.3463521352766238
2020-12-18,0.24999999999999997
2020-12-19,0.24999999999999997
2020-12-20,0.36523589176326465
2020-12-21,0.4501265366277785
2020-12-22,0.4251047027458516
2020-12-23,0.3445391814634636
2020-12-24,0.25
2020-12-25,0.2982849271612168
2020-12-26,0.31407491971488743
2020-12-27,0.24999999999999997
2020-12-28,0.24999999999999997
2020-12-29,0.2860567330998237
2020-12-30,0.25
2020-12-31,0.24999999999999997
2021-01-01,0.2988218785952184
2021-01-02,0.25
2021-01-03,0.3682719993989786
2021-01-04,0.44619054050342766
2021-01-05,0.25
2021-01-06,0.2911722038276487
2021-01-07,0.3519371676363413
2021-01-08,0.3456375076680193
2021-01-09,0.25
2021-01-10,0.3019764166628872
2021-01-11,0.25
2021-01-12,0.25
2021-01-13,0.25
2021-01-14,0.25
2021-01-15,0.24999999999999997
2021-01-16,0.25
2021-01-17,0.28039132630758007
2021-01-18,0.26306464656201317
2021-01-19,0.28015089520280767
2021-01-20,0.285722238078674
2021-01-21,0.25
2021-01-22,0.24999999999999997
2021-01-23,0.24999999999999997
2021-01-24,0.25
2021-01-25,0.27204729079717394
2021-01-26,0.24999999999999997
2021-01-27,0.24999999999999997
2021-01-28,0.25
2021-01-29,0.24999999999999997
2021-01-30,0.25184246896999113
2021-01-31,0.25
2021-02-01,0.25
2021-02-02,0.3104989770494563
2021-02-03,0.25
2021-02-04,0.25
2021-02-05,0.24999999999999997
2021-02-06,0.3026689816147725
2021-02-07,0.25
2021-02-08,0.2701204141635696
2021-02-09,0.25
2021-02-10,0.25
2021-02-11,0.24999999999999997
2021-02-12,0.25
2021-02-13,0.25
2021-02-14,0.25
2021-02-15,0.25
2021-02-16,0.30355683880124873
2021-02-17,0.3275843637966601
2021-02-18,0.37803332076182794
2021-02-19,0.40317704272551735
2021-02-20,0.30331637842760556
2021-02-21,0.31179918277785384
2021-02-22,0.31615737831223145
2021-02-23,0.272776821011251
2021-02-24,0.24999999999999997
2021-02-25,0.24999999999999997
2021-02-26,0.25
2021-02-27,0.24999999999999997
2021-02-28,0.3430399124658648
2021-03-01,0.3109285747899816
2021-03-02,0.25
2021-03-03,0.25
2021-03-04,0.25
2021-03-05,0.24999999999999997
2021-03-06,0.32385371417954106
2021-03-07,0.3998068435272359
2021-03-08,0.4474189091454159
2021-03-09,0.4675407147718309
2021-03-10,0.4840420428782913
2021-03-11,0.4618260986274391
2021-03-12,0.25
2021-03-13,0.25
2021-03-14,0.25
2021-03-15,0.25
2021-03-16,0.24999999999999997
2021-03-17,0.3147530229681577
2021-03-18,0.33832268299470425
2021-03-19,0.2989776161308329
2021-03-20,0.29794497529897845
2021-03-21,0.24999999999999997
2021-03-22,0.24999999999999997
2021-03-23,0.25
2021-03-24,0.3065497984204614
2021-03-25,0.34294991973860156
2021-03-26,0.25
2021-03-27,0.31817669107849333
2021-03-28,0.30362153036857803
2021-03-29,0.2880358233417656
2021-03-30,0.24999999999999997
2021-03-31,0.3331365709151384
2021-04-01,0.32413599024581957
2021-04-02,0.32349341828729816
2021-04-03,0.3073311520408677
2021-04-04,0.3140265211854385
2021-04-05,0.34543672859727487
2021-04-06,0.3501718689801598
2021-04-07,0.24999999999999997
2021-04-08,0.31964784191422857
2021-04-09,0.3556534391716799
2021-04-10,0.3835090953098541
2021-04-11,0.4143930698664234
2021-04-12,0.5
2021-04-13,0.3747455335215316
2021-04-14,0.44600806783762315
2021-04-15,0.4855924312504163
2021-04-16,0.40391115325632
2021-04-17,0.2728774771820402
2021-04-18,0.24999999999999997
2021-04-19,0.2803241665406434
2021-04-20,0.25030572287849806
2021-04-21,0.24999999999999997
2021-04-22,0.2862119369734884
2021-04-23,0.25496290245596015
2021-04-24,0.24999999999999997
2021-04-25,0.24999999999999997
2021-04-26,0.3437908307140054
2021-04-27,0.44626190981017866
2021-04-28,0.49999999999999994
2021-04-29,0.49999999999999994
2021-04-30,0.49999999999999994
2021-05-01,0.4538405914478088
2021-05-02,0.48254399563657063
2021-05-03,0.4262182611670104
2021-05-04,0.43108133628453993
2021-05-05,0.4694310187015106
2021-05-06,0.24999999999999997
2021-05-07,0.25
2021-05-08,0.24999999999999997
2021-05-09,0.27467060546467403
2021-05-10,0.29496145028077386
2021-05-11,0.36342904059653564
2021-05-12,0.3390682805407862
2021-05-13,0.3339555109957645
2021-05-14,0.2941824788573478
2021-05-15,0.25
2021-05-16,0.24999999999999992
